,UKQuarterlyHPI,UKEmp,UKUnEmp,UKMonthlyHousePrice,RegCBI,RegCC,BusinessBirths,ConstructionOutput_TNH,ConstructionOutput_ANW,ConstructionOutput_AW,Unemployment,Employment,PublicEMP,WorkforceJobs,Exports,Imports,OvernightVisits,Spending,PayrollEMP,PayrollPayMedian,HousePrice,PMIAC,PMINB,PMIOB,PMICH,PMIPR,PMIEM,HousingRental,PMIFU
Tcode,5,1,1,5,1,1,5,5,5,5,1,1,5,5,5,5,5,5,5,5,5,5,5,5,5,5,5,5,5
lag ,0,2,2,2,1,0,1,2,2,2,2,2,3,3,4,4,5,5,0,0,2,0,0,0,0,0,0,0,0
1967,0.00672,-99999999,-99999999,-99999999,-99999999,-99999999,-99999999,-99999999,-99999999,-99999999,-99999999,-99999999,-99999999,-99999999,-99999999,-99999999,-99999999,-99999999,-99999999,-99999999,-99999999,-99999999,-99999999,-99999999,-99999999,-99999999,-99999999,-99999999,-99999999
1967.25,0.00661,-99999999,-99999999,-99999999,-99999999,-99999999,-99999999,-99999999,-99999999,-99999999,-99999999,-99999999,-99999999,-99999999,-99999999,-99999999,-99999999,-99999999,-99999999,-99999999,-99999999,-99999999,-99999999,-99999999,-99999999,-99999999,-99999999,-99999999,-99999999
1967.5,0.00759,-99999999,-99999999,-99999999,-99999999,-99999999,-99999999,-99999999,-99999999,-99999999,-99999999,-99999999,-99999999,-99999999,-99999999,-99999999,-99999999,-99999999,-99999999,-99999999,-99999999,-99999999,-99999999,-99999999,-99999999,-99999999,-99999999,-99999999,-99999999
1967.75,0.00852,-99999999,-99999999,-99999999,-99999999,-99999999,-99999999,-99999999,-99999999,-99999999,-99999999,-99999999,-99999999,-99999999,-99999999,-99999999,-99999999,-99999999,-99999999,-99999999,-99999999,-99999999,-99999999,-99999999,-99999999,-99999999,-99999999,-99999999,-99999999
1968,0.00732,-99999999,-99999999,-99999999,-99999999,-99999999,-99999999,-99999999,-99999999,-99999999,-99999999,-99999999,-99999999,-99999999,-99999999,-99999999,-99999999,-99999999,-99999999,-99999999,-99999999,-99999999,-99999999,-99999999,-99999999,-99999999,-99999999,-99999999,-99999999
1968.25,0.01024,-99999999,-99999999,-99999999,-99999999,-99999999,-99999999,-99999999,-99999999,-99999999,-99999999,-99999999,-99999999,-99999999,-99999999,-99999999,-99999999,-99999999,-99999999,-99999999,-99999999,-99999999,-99999999,-99999999,-99999999,-99999999,-99999999,-99999999,-99999999
1968.5,0.00603,-99999999,-99999999,0.014477824,-99999999,-99999999,-99999999,-99999999,-99999999,-99999999,-99999999,-99999999,-99999999,-99999999,-99999999,-99999999,-99999999,-99999999,-99999999,-99999999,0.047006042,-99999999,-99999999,-99999999,-99999999,-99999999,-99999999,-99999999,-99999999
1968.75,0.00398,-99999999,-99999999,-0.002379702,-99999999,-99999999,-99999999,-99999999,-99999999,-99999999,-99999999,-99999999,-99999999,-99999999,-99999999,-99999999,-99999999,-99999999,-99999999,-99999999,0.00508907,-99999999,-99999999,-99999999,-99999999,-99999999,-99999999,-99999999,-99999999
1969,0.0059,-99999999,-99999999,0.00710034,-99999999,-99999999,-99999999,-99999999,-99999999,-99999999,-99999999,-99999999,-99999999,-99999999,-99999999,-99999999,-99999999,-99999999,-99999999,-99999999,0,-99999999,-99999999,-99999999,-99999999,-99999999,-99999999,-99999999,-99999999
1969.25,0.00582,-99999999,-99999999,0.006986121,-99999999,-99999999,-99999999,-99999999,-99999999,-99999999,-99999999,-99999999,-99999999,-99999999,-99999999,-99999999,-99999999,-99999999,-99999999,-99999999,-0.025708356,-99999999,-99999999,-99999999,-99999999,-99999999,-99999999,-99999999,-99999999
1969.5,0.00288,-99999999,-99999999,0.004595752,-99999999,-99999999,-99999999,-99999999,-99999999,-99999999,-99999999,-99999999,-99999999,-99999999,-99999999,-99999999,-99999999,-99999999,-99999999,-99999999,0.030771658,-99999999,-99999999,-99999999,-99999999,-99999999,-99999999,-99999999,-99999999
1969.75,0.00853,-99999999,-99999999,0.004547628,-99999999,-99999999,-99999999,-99999999,-99999999,-99999999,-99999999,-99999999,-99999999,-99999999,-99999999,-99999999,-99999999,-99999999,-99999999,-99999999,0.077708985,-99999999,-99999999,-99999999,-99999999,-99999999,-99999999,-99999999,-99999999
1970,0.00652,-99999999,-99999999,0.00225608,-99999999,-99999999,-99999999,-99999999,-99999999,-99999999,-99999999,-99999999,-99999999,-99999999,-99999999,-99999999,-99999999,-99999999,-99999999,-99999999,-0.038099847,-99999999,-99999999,-99999999,-99999999,-99999999,-99999999,-99999999,-99999999
1970.25,0.00733,-99999999,-99999999,0.006698762,-99999999,-99999999,-99999999,-99999999,-99999999,-99999999,-99999999,-99999999,-99999999,-99999999,-99999999,-99999999,-99999999,-99999999,-99999999,-99999999,0.038099847,-99999999,-99999999,-99999999,-99999999,-99999999,-99999999,-99999999,-99999999
1970.5,0.00542,-99999999,-99999999,0.01949779,-99999999,-99999999,-99999999,-99999999,-99999999,-99999999,-99999999,-99999999,-99999999,-99999999,-99999999,-99999999,-99999999,-99999999,-99999999,-99999999,0.045670037,-99999999,-99999999,-99999999,-99999999,-99999999,-99999999,-99999999,-99999999
1970.75,0.00712,-99999999,-99999999,0,-99999999,-99999999,-99999999,-99999999,-99999999,-99999999,-99999999,-99999999,-99999999,-99999999,-99999999,-99999999,-99999999,-99999999,-99999999,-99999999,-0.018018506,-99999999,-99999999,-99999999,-99999999,-99999999,-99999999,-99999999,-99999999
1971,0.01475,72.2,3.8,0.010465434,-99999999,-99999999,-99999999,-99999999,-99999999,-99999999,-99999999,-99999999,-99999999,-99999999,-99999999,-99999999,-99999999,-99999999,-99999999,-99999999,-0.018349139,-99999999,-99999999,-99999999,-99999999,-99999999,-99999999,-99999999,-99999999
1971.25,0.01509,72,4.1,0.012234457,-99999999,-99999999,-99999999,-99999999,-99999999,-99999999,-99999999,-99999999,-99999999,-99999999,-99999999,-99999999,-99999999,-99999999,-99999999,-99999999,0.062800901,-99999999,-99999999,-99999999,-99999999,-99999999,-99999999,-99999999,-99999999
1971.5,0.0287,71.7,4.2,0.025381731,-99999999,-99999999,-99999999,-99999999,-99999999,-99999999,-99999999,-99999999,-99999999,-99999999,-99999999,-99999999,-99999999,-99999999,-99999999,-99999999,0.046717625,-99999999,-99999999,-99999999,-99999999,-99999999,-99999999,-99999999,-99999999
1971.75,0.02328,71.5,4.4,0.018562419,-99999999,-99999999,-99999999,-99999999,-99999999,-99999999,-99999999,-99999999,-99999999,-99999999,-99999999,-99999999,-99999999,-99999999,-99999999,-99999999,-0.00415801,-99999999,-99999999,-99999999,-99999999,-99999999,-99999999,-99999999,-99999999
1972,0.03577,71.8,4.5,0.026435816,-99999999,-99999999,-99999999,-99999999,-99999999,-99999999,-99999999,-99999999,-99999999,-99999999,-99999999,-99999999,-99999999,-99999999,-99999999,-99999999,0.083881484,-99999999,-99999999,-99999999,-99999999,-99999999,-99999999,-99999999,-99999999
1972.25,0.03801,71.9,4.4,0.039211079,-99999999,-99999999,-99999999,-99999999,-99999999,-99999999,-99999999,-99999999,-99999999,-99999999,-99999999,-99999999,-99999999,-99999999,-99999999,-99999999,0.037598414,-99999999,-99999999,-99999999,-99999999,-99999999,-99999999,-99999999,-99999999
1972.5,0.05225,72,4.3,0.061105182,-99999999,-99999999,-99999999,-99999999,-99999999,-99999999,-99999999,-99999999,-99999999,-99999999,-99999999,-99999999,-99999999,-99999999,-99999999,-99999999,0.108308197,-99999999,-99999999,-99999999,-99999999,-99999999,-99999999,-99999999,-99999999
1972.75,0.02755,72.2,4.2,0.030144142,-99999999,-99999999,-99999999,-99999999,-99999999,-99999999,-99999999,-99999999,-99999999,-99999999,-99999999,-99999999,-99999999,-99999999,-99999999,-99999999,0.11557309,-99999999,-99999999,-99999999,-99999999,-99999999,-99999999,-99999999,-99999999
1973,0.02755,72.8,3.9,0.046769243,-99999999,-99999999,-99999999,-99999999,-99999999,-99999999,-99999999,-99999999,-99999999,-99999999,-99999999,-99999999,-99999999,-99999999,-99999999,-99999999,0.076633226,-99999999,-99999999,-99999999,-99999999,-99999999,-99999999,-99999999,-99999999
1973.25,0.02201,73,3.7,0.02108101,-99999999,-99999999,-99999999,-99999999,-99999999,-99999999,-99999999,-99999999,-99999999,-99999999,-99999999,-99999999,-99999999,-99999999,-99999999,-99999999,0.050610001,-99999999,-99999999,-99999999,-99999999,-99999999,-99999999,-99999999,-99999999
1973.5,0.01693,72.9,3.6,0.028299396,-99999999,-99999999,-99999999,-99999999,-99999999,-99999999,-99999999,-99999999,-99999999,-99999999,-99999999,-99999999,-99999999,-99999999,-99999999,-99999999,0.108213585,-99999999,-99999999,-99999999,-99999999,-99999999,-99999999,-99999999,-99999999
1973.75,0.02679,73,3.4,0.005044127,-99999999,-99999999,-99999999,-99999999,-99999999,-99999999,-99999999,-99999999,-99999999,-99999999,-99999999,-99999999,-99999999,-99999999,-99999999,-99999999,0.045565969,-99999999,-99999999,-99999999,-99999999,-99999999,-99999999,-99999999,-99999999
1974,0.00707,72.9,3.6,0.005976624,-99999999,-99999999,-99999999,-99999999,-99999999,-99999999,-99999999,-99999999,-99999999,-99999999,-99999999,-99999999,-99999999,-99999999,-99999999,-99999999,-0.040914798,-99999999,-99999999,-99999999,-99999999,-99999999,-99999999,-99999999,-99999999
1974.25,0.00434,73,3.6,0.000988156,-99999999,2.7,-99999999,-99999999,-99999999,-99999999,-99999999,-99999999,-99999999,-99999999,-99999999,-99999999,-99999999,-99999999,-99999999,-99999999,0.013825105,-99999999,-99999999,-99999999,-99999999,-99999999,-99999999,-99999999,-99999999
1974.5,0.00519,73.1,3.7,0.003930294,-99999999,2.8,-99999999,-99999999,-99999999,-99999999,-99999999,-99999999,-99999999,-99999999,-99999999,-99999999,-99999999,-99999999,-99999999,-99999999,0.03595893,-99999999,-99999999,-99999999,-99999999,-99999999,-99999999,-99999999,-99999999
1974.75,0.00255,73.1,3.7,0.005829544,-99999999,2.8,-99999999,-99999999,-99999999,-99999999,-99999999,-99999999,-99999999,-99999999,-99999999,-99999999,-99999999,-99999999,-99999999,-99999999,0.053718607,-99999999,-99999999,-99999999,-99999999,-99999999,-99999999,-99999999,-99999999
1975,0.0076,72.9,4,0.001925921,-99999999,3.2,-99999999,-99999999,-99999999,-99999999,-99999999,-99999999,-99999999,-99999999,-99999999,-99999999,-99999999,-99999999,-99999999,-99999999,-0.023281475,-99999999,-99999999,-99999999,-99999999,-99999999,-99999999,-99999999,-99999999
1975.25,0.01401,72.7,4.3,0.011379546,-99999999,3.8,-99999999,-99999999,-99999999,-99999999,-99999999,-99999999,-99999999,-99999999,-99999999,-99999999,-99999999,-99999999,-99999999,-99999999,0.023281475,-99999999,-99999999,-99999999,-99999999,-99999999,-99999999,-99999999,-99999999
1975.5,0.00998,72.6,4.7,0.012909916,-99999999,4.3,-99999999,-99999999,-99999999,-99999999,-99999999,-99999999,-99999999,-99999999,-99999999,-99999999,-99999999,-99999999,-99999999,-99999999,0.060870715,-99999999,-99999999,-99999999,-99999999,-99999999,-99999999,-99999999,-99999999
1975.75,0.0121,72.3,5,0.004519234,-99999999,4.8,-99999999,-99999999,-99999999,-99999999,-99999999,-99999999,-99999999,-99999999,-99999999,-99999999,-99999999,-99999999,-99999999,-99999999,-0.019881371,-99999999,-99999999,-99999999,-99999999,-99999999,-99999999,-99999999,-99999999
1976,0.00878,72.1,5.3,0.008899789,-99999999,4.9,-99999999,-99999999,-99999999,-99999999,-99999999,-99999999,-99999999,-99999999,-99999999,-99999999,-99999999,-99999999,-99999999,-99999999,0.052798185,-99999999,-99999999,-99999999,-99999999,-99999999,-99999999,-99999999,-99999999
1976.25,0.00822,72,5.4,0.011303598,-99999999,4.9,-99999999,-99999999,-99999999,-99999999,-99999999,-99999999,-99999999,-99999999,-99999999,-99999999,-99999999,-99999999,-99999999,-99999999,0.003802286,-99999999,-99999999,-99999999,-99999999,-99999999,-99999999,-99999999,-99999999
1976.5,0.00951,71.9,5.5,0.010179243,-99999999,5,-99999999,-99999999,-99999999,-99999999,-99999999,-99999999,-99999999,-99999999,-99999999,-99999999,-99999999,-99999999,-99999999,-99999999,0.028065453,-99999999,-99999999,-99999999,-99999999,-99999999,-99999999,-99999999,-99999999
1976.75,0.00756,71.8,5.5,0.006655984,-99999999,5,-99999999,-99999999,-99999999,-99999999,-99999999,-99999999,-99999999,-99999999,-99999999,-99999999,-99999999,-99999999,-99999999,-99999999,0.023702112,-99999999,-99999999,-99999999,-99999999,-99999999,-99999999,-99999999,-99999999
1977,0.00706,71.8,5.5,0.003290125,-99999999,4.9,-99999999,-99999999,-99999999,-99999999,-99999999,-99999999,-99999999,-99999999,-99999999,-99999999,-99999999,-99999999,-99999999,-99999999,-0.021858794,-99999999,-99999999,-99999999,-99999999,-99999999,-99999999,-99999999,-99999999
1977.25,0.00969,71.6,5.5,0.006506406,-99999999,5.2,-99999999,-99999999,-99999999,-99999999,-99999999,-99999999,-99999999,-99999999,-99999999,-99999999,-99999999,-99999999,-99999999,-99999999,0.041484758,-99999999,-99999999,-99999999,-99999999,-99999999,-99999999,-99999999,-99999999
1977.5,0.00951,71.6,5.7,0.012727489,-99999999,5.4,-99999999,-99999999,-99999999,-99999999,-99999999,-99999999,-99999999,-99999999,-99999999,-99999999,-99999999,-99999999,-99999999,-99999999,0.005286356,-99999999,-99999999,-99999999,-99999999,-99999999,-99999999,-99999999,-99999999
1977.75,0.00599,71.5,5.7,0.013126343,-99999999,5.5,-99999999,-99999999,-99999999,-99999999,-99999999,-99999999,-99999999,-99999999,-99999999,-99999999,-99999999,-99999999,-99999999,-99999999,0.029439356,-99999999,-99999999,-99999999,-99999999,-99999999,-99999999,-99999999,-99999999
1978,0.02157,71.5,5.6,0.009776739,-99999999,5.4,-99999999,-99999999,-99999999,-99999999,-99999999,-99999999,-99999999,-99999999,-99999999,-99999999,-99999999,-99999999,-99999999,-99999999,0.062830579,-99999999,-99999999,-99999999,-99999999,-99999999,-99999999,-99999999,-99999999
1978.25,0.02058,71.5,5.6,0.020338575,-99999999,5.4,-99999999,-99999999,-99999999,-99999999,-99999999,-99999999,-99999999,-99999999,-99999999,-99999999,-99999999,-99999999,-99999999,-99999999,0.011155494,-99999999,-99999999,-99999999,-99999999,-99999999,-99999999,-99999999,-99999999
1978.5,0.04063,71.5,5.5,0.029489878,-99999999,5.3,-99999999,-99999999,-99999999,-99999999,-99999999,-99999999,-99999999,-99999999,-99999999,-99999999,-99999999,-99999999,-99999999,-99999999,0.061463274,-99999999,-99999999,-99999999,-99999999,-99999999,-99999999,-99999999,-99999999
1978.75,0.02417,71.7,5.4,0.029476718,-99999999,5.2,-99999999,-99999999,-99999999,-99999999,-99999999,-99999999,-99999999,-99999999,-99999999,-99999999,-99999999,-99999999,-99999999,-99999999,0.050846101,-99999999,-99999999,-99999999,-99999999,-99999999,-99999999,-99999999,-99999999
1979,0.02436,71.8,5.4,0.022338344,-99999999,5.3,-99999999,-99999999,-99999999,-99999999,-99999999,-99999999,-99999999,-99999999,-99999999,-99999999,-99999999,-99999999,-99999999,-99999999,0.034798222,-99999999,-99999999,-99999999,-99999999,-99999999,-99999999,-99999999,-99999999
1979.25,0.03021,71.7,5.3,0.032310767,-99999999,5,-99999999,-99999999,-99999999,-99999999,-99999999,-99999999,-99999999,-99999999,-99999999,-99999999,-99999999,-99999999,-99999999,-99999999,0.098910209,-99999999,-99999999,-99999999,-99999999,-99999999,-99999999,-99999999,-99999999
1979.5,0.03099,71.8,5.4,0.032106636,-99999999,4.8,-99999999,-99999999,-99999999,-99999999,-99999999,-99999999,-99999999,-99999999,-99999999,-99999999,-99999999,-99999999,-99999999,-99999999,0.080900218,-99999999,-99999999,-99999999,-99999999,-99999999,-99999999,-99999999,-99999999
1979.75,0.03031,71.7,5.5,0.027997013,-99999999,4.8,-99999999,-99999999,-99999999,-99999999,-99999999,-99999999,-99999999,-99999999,-99999999,-99999999,-99999999,-99999999,-99999999,-99999999,0.062035391,-99999999,-99999999,-99999999,-99999999,-99999999,-99999999,-99999999,-99999999
1980,0.01383,71.5,5.8,0.016795435,-99999999,5.2,-99999999,-99999999,-99999999,-99999999,-99999999,-99999999,-99999999,-99999999,-99999999,-99999999,-99999999,-99999999,-99999999,-99999999,0.008556201,-99999999,-99999999,-99999999,-99999999,-99999999,-99999999,-99999999,-99999999
1980.25,0.01266,71.2,6.3,0.01705094,-99999999,6.1,-99999999,0.009340026,0.042240917,0.037055327,-99999999,-99999999,-99999999,-99999999,-99999999,-99999999,-99999999,-99999999,-99999999,-99999999,0.050867219,-99999999,-99999999,-99999999,-99999999,-99999999,-99999999,-99999999,-99999999
1980.5,0.00519,70.7,7.1,0.017253291,-99999999,7.2,-99999999,0.076090169,0.024705873,0.053121304,-99999999,-99999999,-99999999,-99999999,-99999999,-99999999,-99999999,-99999999,-99999999,-99999999,0.02794593,-99999999,-99999999,-99999999,-99999999,-99999999,-99999999,-99999999,-99999999
1980.75,-0.00241,69.9,8,0.000844931,-99999999,8.4,-99999999,-0.049218023,-0.010123873,-0.023481096,-99999999,-99999999,-99999999,-99999999,-99999999,-99999999,-99999999,-99999999,-99999999,-99999999,0.048039977,-99999999,-99999999,-99999999,-99999999,-99999999,-99999999,-99999999,-99999999
1981,0.00427,69.3,8.9,0.00084329,-99999999,9.2,-99999999,-0.017728767,-0.018839823,0.00300551,-99999999,-99999999,-99999999,-99999999,-99999999,-99999999,-99999999,-99999999,-99999999,-99999999,-0.035325869,-99999999,-99999999,-99999999,-99999999,-99999999,-99999999,-99999999,-99999999
1981.25,0.00668,68.7,9.6,0.011637295,-99999999,9.9,-99999999,0.034762106,0.012650248,-0.016793795,-99999999,-99999999,-99999999,-99999999,-99999999,-99999999,-99999999,-99999999,-99999999,-99999999,0.05114751,-99999999,-99999999,-99999999,-99999999,-99999999,-99999999,-99999999,-99999999
1981.5,0.00162,68.2,9.9,0.006916311,-99999999,10.3,-99999999,-0.113943352,-0.02568006,-0.014240439,-99999999,-99999999,-99999999,-99999999,-99999999,-99999999,-99999999,-99999999,-99999999,-99999999,0.08153318,-99999999,-99999999,-99999999,-99999999,-99999999,-99999999,-99999999,-99999999
1981.75,-0.00706,67.7,10.2,-0.008559812,-99999999,10.6,-99999999,-0.110698297,-0.090346244,-0.079181246,-99999999,-99999999,-99999999,-99999999,-99999999,-99999999,-99999999,-99999999,-99999999,-99999999,-0.109624914,-99999999,-99999999,-99999999,-99999999,-99999999,-99999999,-99999999,-99999999
1982,0.00685,67.4,10.4,-0.010837085,-99999999,11.1,-99999999,0.013788284,-0.010995384,0.007652964,-99999999,-99999999,-99999999,-99999999,-99999999,-99999999,-99999999,-99999999,-99999999,-99999999,0.005681833,-99999999,-99999999,-99999999,-99999999,-99999999,-99999999,-99999999,-99999999
1982.25,0.00892,67.1,10.6,0.018588907,-99999999,11.3,-99999999,-0.073786214,0.010995384,0.044998234,-99999999,-99999999,-99999999,-99999999,-99999999,-99999999,-99999999,-99999999,-99999999,-99999999,0.082436876,-99999999,-99999999,-99999999,-99999999,-99999999,-99999999,-99999999,-99999999
1982.5,0.00508,66.6,10.8,0.010783037,-99999999,11.7,-99999999,0.073786214,0.06069784,0.034498977,-99999999,-99999999,-99999999,-99999999,-99999999,-99999999,-99999999,-99999999,-99999999,-99999999,0.022356907,-99999999,-99999999,-99999999,-99999999,-99999999,-99999999,-99999999,-99999999
1982.75,0.0105,66.1,11.1,0.006265854,-99999999,12,-99999999,0.063051746,-0.049973975,-0.024359346,-99999999,-99999999,-99999999,-99999999,-99999999,-99999999,-99999999,-99999999,-99999999,-99999999,0.004242687,-99999999,-99999999,-99999999,-99999999,-99999999,-99999999,-99999999,-99999999
1983,0.01218,65.7,11.3,0.012644667,-99999999,12.2,-99999999,0.08501079,-0.027323127,-0.020521667,-99999999,-99999999,-99999999,-99999999,-99999999,-99999999,-99999999,-99999999,-99999999,-99999999,-0.009357788,-99999999,-99999999,-99999999,-99999999,-99999999,-99999999,-99999999,-99999999
1983.25,0.01745,65.6,11.4,0.014849121,-99999999,12.4,-99999999,0.036983566,0.029963223,0.013788284,-99999999,-99999999,-99999999,-99999999,-99999999,-99999999,-99999999,-99999999,-99999999,-99999999,0.04184711,-99999999,-99999999,-99999999,-99999999,-99999999,-99999999,-99999999,-99999999
1983.5,0.01234,65.9,11.5,0.017874724,-99999999,12.3,-99999999,0.04219768,0.05897786,0.065976299,-99999999,-99999999,-99999999,-99999999,-99999999,-99999999,-99999999,-99999999,-99999999,-99999999,0.063513406,-99999999,-99999999,-99999999,-99999999,-99999999,-99999999,-99999999,-99999999
1983.75,0.00685,66.3,11.7,0.003488328,-99999999,12.4,-99999999,-0.060295902,-0.023608773,-0.022429829,-99999999,-99999999,-99999999,-99999999,-99999999,-99999999,-99999999,-99999999,-99999999,-99999999,0.015267472,-99999999,-99999999,-99999999,-99999999,-99999999,-99999999,-99999999,-99999999
1984,0.01568,66.5,11.8,0.003460532,-99999999,12.3,-99999999,0.026872146,-0.024966326,-0.014035873,-99999999,-99999999,-99999999,-99999999,-99999999,-99999999,-99999999,-99999999,-99999999,-99999999,-0.038614836,-99999999,-99999999,-99999999,-99999999,-99999999,-99999999,-99999999,-99999999
1984.25,0.01662,66.7,11.9,0.013572807,-99999999,12.4,-99999999,0.008600172,0.020086562,0.026142426,-99999999,-99999999,-99999999,-99999999,-99999999,-99999999,-99999999,-99999999,-99999999,-99999999,0.007843178,-99999999,-99999999,-99999999,-99999999,-99999999,-99999999,-99999999,-99999999
1984.5,0.00589,66.8,11.7,0.016390416,-99999999,12.8,-99999999,-0.094786319,0.007299239,0.007398722,-99999999,-99999999,-99999999,-99999999,-99999999,-99999999,-99999999,-99999999,-99999999,-99999999,0.030771659,-99999999,-99999999,-99999999,-99999999,-99999999,-99999999,-99999999,-99999999
1984.75,0.01756,67.1,11.6,0.006386799,-99999999,12.9,-99999999,-0.02171925,-0.0273858,-0.031959017,-99999999,-99999999,-99999999,-99999999,-99999999,-99999999,-99999999,-99999999,-99999999,-99999999,0.015037877,-99999999,-99999999,-99999999,-99999999,-99999999,-99999999,-99999999,-99999999
1985,0.00869,67.3,11.5,0,-99999999,13,-99999999,0.032184683,0.002562217,0.015512166,-99999999,-99999999,-99999999,-99999999,-99999999,-99999999,-99999999,-99999999,-99999999,-99999999,0.036634133,-99999999,-99999999,-99999999,-99999999,-99999999,-99999999,-99999999,-99999999
1985.25,0.01255,67.4,11.4,0.015567777,-99999999,13.1,-99999999,-0.091770373,-0.020933907,-0.023481096,-99999999,-99999999,-99999999,-99999999,-99999999,-99999999,-99999999,-99999999,-99999999,-99999999,-0.007220248,-99999999,-99999999,-99999999,-99999999,-99999999,-99999999,-99999999,-99999999
1985.5,0.00664,67.5,11.3,0.009079658,-99999999,13.2,-99999999,0,0.031034234,0.029534079,-99999999,-99999999,-99999999,-99999999,-99999999,-99999999,-99999999,-99999999,-99999999,-99999999,0.028573373,-99999999,-99999999,-99999999,-99999999,-99999999,-99999999,-99999999,-99999999
1985.75,0.00912,67.5,11.3,0.014723257,-99999999,13.1,-99999999,0.012589127,-0.033723372,-0.006052983,-99999999,-99999999,-99999999,-99999999,-99999999,-99999999,-99999999,-99999999,-99999999,-99999999,0,-99999999,-99999999,-99999999,-99999999,-99999999,-99999999,-99999999,-99999999
1986,0.00257,67.6,11.3,0.008600172,-99999999,13.3,-99999999,0.057991947,-0.033639608,-0.029963223,-99999999,-99999999,-99999999,-99999999,-99999999,-99999999,-99999999,-99999999,-99999999,-99999999,0.007017573,-99999999,-99999999,-99999999,-99999999,-99999999,-99999999,-99999999,-99999999
1986.25,0.01635,67.6,11.3,0.019428552,-99999999,13.2,-99999999,-0.033858267,-0.002924553,0.003253157,-99999999,-99999999,-99999999,-99999999,-99999999,-99999999,-99999999,-99999999,-99999999,-99999999,0.006968669,-99999999,-99999999,-99999999,-99999999,-99999999,-99999999,-99999999,-99999999
1986.5,0.01427,67.8,11.4,0.018596488,-99999999,12.8,-99999999,0.103896134,0.099251229,0.078370238,-99999999,-99999999,-99999999,-99999999,-99999999,-99999999,-99999999,-99999999,-99999999,-99999999,0.086432506,-99999999,-99999999,-99999999,-99999999,-99999999,-99999999,-99999999,-99999999
1986.75,0.01498,67.9,11.3,0.012811976,-99999999,12.5,-99999999,0.018098222,-0.019092942,0.047377994,-99999999,-99999999,-99999999,-99999999,-99999999,-99999999,-99999999,-99999999,-99999999,-99999999,-0.012820689,-99999999,-99999999,-99999999,-99999999,-99999999,-99999999,-99999999,-99999999
1987,0.01391,68.1,11.1,0.012444819,-99999999,12,-99999999,0.008773924,0.028333599,-0.026253126,-99999999,-99999999,-99999999,-99999999,-99999999,-99999999,-99999999,-99999999,-99999999,-99999999,0.031748698,-99999999,-99999999,-99999999,-99999999,-99999999,-99999999,-99999999,-99999999
1987.25,0.02181,68.5,10.7,0.019198462,-99999999,11.6,-99999999,-0.065501549,-0.013935778,-0.021124868,-99999999,-99999999,-99999999,-99999999,-99999999,-99999999,-99999999,-99999999,-99999999,-99999999,0.00623055,-99999999,-99999999,-99999999,-99999999,-99999999,-99999999,-99999999,-99999999
1987.5,0.01438,69.1,10.2,0.020630002,-99999999,11.2,-99999999,0.019744058,0.069635928,0.060521334,-99999999,-99999999,-99999999,-99999999,-99999999,-99999999,-99999999,-99999999,-99999999,-99999999,0.042559615,-99999999,-99999999,-99999999,-99999999,-99999999,-99999999,-99999999,-99999999
1987.75,-0.00077,69.7,9.7,0.024987471,-99999999,10.6,-99999999,0.233278211,0.049361615,0.031764141,-99999999,-99999999,-99999999,-99999999,-99999999,-99999999,-99999999,-99999999,-99999999,-99999999,0.039935291,-99999999,-99999999,-99999999,-99999999,-99999999,-99999999,-99999999,-99999999
1988,0.00715,70.2,9.2,0.017850231,-99999999,10,-99999999,0.057991947,0.02780434,0.024458784,-99999999,-99999999,-99999999,-99999999,-99999999,-99999999,-99999999,-99999999,-99999999,-99999999,0,-99999999,-99999999,-99999999,-99999999,-99999999,-99999999,-99999999,-99999999
1988.25,0.0355,70.7,8.7,0.025470819,-99999999,9.5,-99999999,-0.06366908,-0.003379741,-0.008352074,-99999999,-99999999,-99999999,-99999999,-99999999,-99999999,-99999999,-99999999,-99999999,-99999999,0.062520357,-99999999,-99999999,-99999999,-99999999,-99999999,-99999999,-99999999,-99999999
1988.5,0.04562,71.1,8.4,0.054195944,-99999999,9,-99999999,-0.017490732,0,0.020586531,-99999999,-99999999,-99999999,-99999999,-99999999,-99999999,-99999999,-99999999,-99999999,-99999999,0.141078598,-99999999,-99999999,-99999999,-99999999,-99999999,-99999999,-99999999,-99999999
1988.75,0.02253,71.5,8,0.02590057,-99999999,8.5,-99999999,-0.01822482,0.010061326,0.004002742,-99999999,-99999999,-99999999,-99999999,-99999999,-99999999,-99999999,-99999999,-99999999,-99999999,0.025975486,-99999999,-99999999,-99999999,-99999999,-99999999,-99999999,-99999999,-99999999
1989,0.01703,72.1,7.6,0.009048129,-99999999,7.5,-99999999,0.113943352,0.058819963,0.041754748,-99999999,-99999999,-99999999,-99999999,-99999999,-99999999,-99999999,-99999999,-99999999,-99999999,0.126293726,-99999999,-99999999,-99999999,-99999999,-99999999,-99999999,-99999999,-99999999
1989.25,0.01933,72.4,7.2,0.015394328,-99999999,7,-99999999,0.053795832,0.06069784,0.043853284,-99999999,-99999999,-99999999,-99999999,-99999999,-99999999,-99999999,-99999999,-99999999,-99999999,0.107053996,-99999999,-99999999,-99999999,-99999999,-99999999,-99999999,-99999999,-99999999
1989.5,0.00374,72.6,7.1,0.014867277,-99999999,6.6,-99999999,-0.035113619,0.032723845,0.024641794,-99999999,-99999999,-99999999,-99999999,-99999999,-99999999,-99999999,-99999999,-99999999,-99999999,0.025063969,-99999999,-99999999,-99999999,-99999999,-99999999,-99999999,-99999999,-99999999
1989.75,-0.00899,72.8,7,-0.008433168,-99999999,6.3,-99999999,-0.043225154,-0.017874724,-0.007011184,-99999999,-99999999,-99999999,-99999999,-99999999,-99999999,-99999999,-99999999,-99999999,-99999999,-0.040409538,-99999999,-99999999,-99999999,-99999999,-99999999,-99999999,-99999999,-99999999
1990,-0.01369,72.8,6.9,-0.009467027,-99999999,6.3,-99999999,-0.015420359,-0.021189299,-0.005532489,-99999999,-99999999,-99999999,-99999999,-99999999,-99999999,-99999999,-99999999,-99999999,-99999999,0.010133305,-99999999,-99999999,-99999999,-99999999,-99999999,-99999999,-99999999,-99999999
1990.25,-0.00443,72.8,6.9,-0.003922405,-99999999,6.2,-99999999,0.02044116,0.027229653,0.014855805,-99999999,-99999999,-99999999,-99999999,-99999999,-99999999,-99999999,-99999999,-99999999,-99999999,-0.035531428,-99999999,-99999999,-99999999,-99999999,-99999999,-99999999,-99999999,-99999999
1990.5,-0.01298,72.7,7.1,0.007809702,-99999999,6.5,-99999999,0.124938737,0.029002394,0.015849168,-99999999,-99999999,-99999999,-99999999,-99999999,-99999999,-99999999,-99999999,-99999999,-99999999,0.117310111,-99999999,-99999999,-99999999,-99999999,-99999999,-99999999,-99999999,-99999999
1990.75,-0.01802,72.3,7.5,-0.006498293,-99999999,7.1,-99999999,-0.119975317,-0.030203763,-0.01278535,-99999999,-99999999,-99999999,-99999999,-99999999,-99999999,-99999999,-99999999,-99999999,-99999999,-0.045484376,-99999999,-99999999,-99999999,-99999999,-99999999,-99999999,-99999999,-99999999
1991,-0.00295,71.7,8,-0.006154073,-99999999,8,-99999999,-0.173630661,-0.052357224,-0.034126522,-99999999,-99999999,-99999999,-99999999,-99999999,-99999999,-99999999,-99999999,-99999999,-99999999,-0.060191547,-99999999,-99999999,-99999999,-99999999,-99999999,-99999999,-99999999,-99999999
1991.25,0.00688,71,8.7,-0.001774444,-99999999,8.6,-99999999,-0.007424018,-0.006839425,-0.016835227,-99999999,-99999999,-99999999,-99999999,-99999999,-99999999,-99999999,-99999999,-99999999,-99999999,-0.013764114,-99999999,-99999999,-99999999,-99999999,-99999999,-99999999,-99999999,-99999999
1991.5,-0.00406,70.3,9.2,0.008364775,-99999999,9,-99999999,0.04275198,0.038247889,0.02984877,-99999999,-99999999,-99999999,-99999999,-99999999,-99999999,-99999999,-99999999,-99999999,-99999999,0.058992788,-99999999,-99999999,-99999999,-99999999,-99999999,-99999999,-99999999,-99999999
1991.75,-0.01015,69.8,9.5,-0.003942186,-99999999,9.2,-99999999,0.051152522,0.029289376,0.02111298,-99999999,-99999999,-99999999,-99999999,-99999999,-99999999,-99999999,-99999999,-99999999,-99999999,0.049985908,-99999999,-99999999,-99999999,-99999999,-99999999,-99999999,-99999999,-99999999
1992,-0.01189,69.4,9.7,-0.007097923,-99999999,9.3,-99999999,0.06694679,0.037296554,0.025205046,-99999999,-99999999,-99999999,-99999999,-99999999,-99999999,-99999999,-99999999,-99999999,-99999999,-0.015414563,-99999999,-99999999,-99999999,-99999999,-99999999,-99999999,-99999999,-99999999
1992.25,0.00395,69.1,9.8,-0.010410893,-99999999,9.4,-99999999,0.020203386,-0.005449187,-0.013161446,9.1,64.9,-99999999,-99999999,-99999999,-99999999,-99999999,-99999999,-99999999,-99999999,-0.064150247,-99999999,-99999999,-99999999,-99999999,-99999999,-99999999,-99999999,-99999999
1992.5,-0.00348,68.9,9.9,0.001279219,-99999999,9.7,-99999999,0.019305155,-0.01677021,-0.004477302,9.9,63.2,-99999999,-99999999,-99999999,-99999999,-99999999,-99999999,-99999999,-99999999,-0.026397472,-99999999,-99999999,-99999999,-99999999,-99999999,-99999999,-99999999,-99999999
1992.75,-0.0176,68.5,10.4,-0.016931164,-99999999,10.1,-99999999,-0.034368902,-0.02825676,-0.009095505,10.3,63.6,-99999999,-99999999,-99999999,-99999999,-99999999,-99999999,-99999999,-99999999,0.008196767,-99999999,-99999999,-99999999,-99999999,-99999999,-99999999,-99999999,-99999999
1993,-0.00034,68.4,10.6,0.002207908,-99999999,9.9,-99999999,-0.066096066,-0.051608954,-0.045162159,10.3,63.1,-99999999,-99999999,-99999999,-99999999,-99999999,-99999999,-99999999,-99999999,0.012170536,-99999999,-99999999,-99999999,-99999999,-99999999,-99999999,-99999999,-99999999
1993.25,0.01524,68.4,10.4,0.00350947,-99999999,9.8,-99999999,0,-0.016759423,-0.016455797,10.2,63.1,-99999999,-99999999,-99999999,-99999999,-99999999,-99999999,-99999999,-99999999,0.002014099,-99999999,-99999999,-99999999,-99999999,-99999999,-99999999,-99999999,-99999999
1993.5,-0.00144,68.5,10.2,0.009079658,-99999999,9.7,-99999999,-0.043778925,-0.032513404,-0.010723865,9.8,63.9,-99999999,-99999999,-99999999,-99999999,-99999999,-99999999,-99999999,-99999999,0.010010094,-99999999,-99999999,-99999999,-99999999,-99999999,-99999999,-99999999,-99999999
1993.75,-0.00588,68.5,10.3,-0.008206704,-99999999,9.6,-99999999,0.072550667,0.087289663,0.061483894,10,64.1,-99999999,-99999999,-99999999,-99999999,-99999999,-99999999,-99999999,-99999999,-0.008000043,-99999999,-99999999,-99999999,-99999999,-99999999,-99999999,-99999999,-99999999
1994,0.00235,68.7,9.9,0.004770132,-99999999,9.3,-99999999,-0.017033339,0.013592117,0.014670897,9.6,64.2,-99999999,-99999999,-99999999,-99999999,-99999999,-99999999,-99999999,-99999999,-0.037856183,-99999999,-99999999,-99999999,-99999999,-99999999,-99999999,-99999999,-99999999
1994.25,0.0003,68.8,9.7,0.005996271,-99999999,9,-99999999,0.059437188,0.017874724,0.000758593,9.7,64.4,-99999999,-99999999,-99999999,-99999999,-99999999,-99999999,-99999999,-99999999,0.078196133,-99999999,-99999999,-99999999,-99999999,-99999999,-99999999,-99999999,-99999999
1994.5,0.00311,69,9.4,0.007171611,-99999999,8.6,-99999999,0.014891555,0.067946317,0.054090075,9.7,64.6,-99999999,-99999999,-99999999,-99999999,-99999999,-99999999,-99999999,-99999999,0.032260862,-99999999,-99999999,-99999999,-99999999,-99999999,-99999999,-99999999,-99999999
1994.75,0.0032,69.1,9,-0.002938688,-99999999,8.2,-99999999,-0.030311914,0.01952214,0.0164152,9.7,64.7,-99999999,-99999999,-99999999,-99999999,-99999999,-99999999,-99999999,-99999999,-0.112544679,-99999999,-99999999,-99999999,-99999999,-99999999,-99999999,-99999999,-99999999
1995,-0.00867,69.2,8.9,-0.003807769,-99999999,8.2,-99999999,-0.010593073,-0.01160767,-0.005838251,9.3,64.6,-99999999,-99999999,-99999999,-99999999,-99999999,-99999999,-99999999,-99999999,0.029852963,-99999999,-99999999,-99999999,-99999999,-99999999,-99999999,-99999999,-99999999
1995.25,0.00464,69.4,8.7,0.004649426,-99999999,8.1,-99999999,0.020933907,0.034837511,0.018537825,8.8,65,-99999999,-99999999,-99999999,-99999999,-99999999,-99999999,-99999999,-99999999,0.041198351,-99999999,-99999999,-99999999,-99999999,-99999999,-99999999,-99999999,-99999999
1995.5,-0.00252,69.6,8.6,0.003767397,-99999999,8,-99999999,-0.054357662,-0.016599262,-0.001253376,8.4,65.5,-99999999,-99999999,-99999999,-99999999,-99999999,-99999999,-99999999,-99999999,-8.59E-03,-99999999,-99999999,-99999999,-99999999,-99999999,-99999999,-99999999,-99999999
1995.75,-0.00343,69.9,8.3,-0.005874604,-99999999,8,-99999999,-0.023802915,-0.056115942,-0.037332369,7.9,65.6,-99999999,-99999999,-99999999,-99999999,-99999999,-99999999,-99999999,-99999999,-0.028685493,-99999999,-99999999,-99999999,-99999999,-99999999,-99999999,-99999999,-99999999
1996,0.00371,69.9,8.2,0.006291194,-99999999,8.1,-99999999,0.046368743,-0.008642962,0.004084304,8.5,65.5,-99999999,-99999999,-99999999,-99999999,-99999999,-99999999,-99999999,-99999999,-0.008911419,-99999999,-99999999,-99999999,-99999999,-99999999,-99999999,-99999999,-99999999
1996.25,0.01385,69.9,8.3,0.00041619,-99999999,8,-99999999,-0.112297256,-0.02701147,-0.033803336,8.3,65.9,-99999999,0.005368356,-99999999,-99999999,-99999999,-99999999,-99999999,-99999999,0.040846472,-99999999,-99999999,-99999999,-99999999,-99999999,-99999999,-99999999,-99999999
1996.5,0.00792,70,8.1,0.01672924,-99999999,7.8,-99999999,0.144089091,0.063616294,0.052371424,8.5,66,-99999999,0.001774806,-99999999,-99999999,-99999999,-99999999,-99999999,-99999999,-3.69E-03,-99999999,-99999999,-99999999,-99999999,-99999999,-99999999,-99999999,-99999999
1996.75,0.00924,70.3,7.8,0.007539335,-99999999,7.2,-99999999,0.015063746,-0.016351841,-0.004568128,8.4,66.2,-99999999,-0.003199892,-99999999,-99999999,-99999999,-99999999,-99999999,-99999999,1.69E-02,-99999999,-99999999,-99999999,-99999999,-99999999,-99999999,-99999999,-99999999
1997,0.00502,70.8,7.3,0.005861013,-99999999,6.5,-99999999,-0.099384632,-0.034675325,-0.0256734,7.9,66.6,-99999999,0.000713127,-99999999,-99999999,-99999999,-99999999,-99999999,-99999999,1.51E-02,-99999999,-99999999,-99999999,-99999999,-99999999,-99999999,-99999999,-99999999
1997.25,0.01972,71,7.2,0.008836017,-99999999,6,-99999999,0.094421213,0.05897786,0.032184683,8.3,66.9,-99999999,0.001777712,-99999999,-99999999,-99999999,-99999999,-99999999,-99999999,0.038278512,-99999999,-99999999,-99999999,-99999999,-99999999,-99999999,-99999999,-99999999
1997.5,0.01714,71.1,6.8,0.021515142,-99999999,5.8,-99999999,0.024268575,0.026734253,0.027543749,7.4,65.7,-99999999,0.002476635,-99999999,-99999999,-99999999,-99999999,-99999999,-99999999,-0.000243978,-99999999,-99999999,-99999999,-99999999,-99999999,-99999999,-99999999,-99999999
1997.75,0.00762,71.2,6.5,-0.003269485,-99999999,5.5,-99999999,0.013935778,0.039790276,0.041613195,6.9,65.8,-99999999,-0.002476635,-99999999,-99999999,-99999999,-99999999,-99999999,-99999999,-0.000100983,-99999999,-99999999,-99999999,-99999999,-99999999,-99999999,-99999999,-99999999
1998,0.00747,71.3,6.4,0.010803903,-99999999,5.4,-99999999,-0.028333599,-0.050097641,-0.041007062,7.2,65.7,-99999999,-0.00213413,-99999999,-99999999,-99999999,-99999999,-99999999,-99999999,0.007218326,-99999999,-99999999,-99999999,-99999999,-99999999,-99999999,-99999999,-99999999
1998.25,0.01572,71.3,6.3,0.022525305,-99999999,5.4,-99999999,0.059210165,-0.006688936,-0.017930717,7,65.5,-99999999,-0.001428602,-99999999,-99999999,-99999999,-99999999,-99999999,-99999999,0.026861489,-99999999,-99999999,-99999999,-99999999,-99999999,-99999999,-99999999,-99999999
1998.5,0.00756,71.6,6.2,0.018511547,-99999999,5.3,-99999999,-0.089522079,-0.009737952,-0.001897867,7.5,65.8,-99999999,0.001071891,-99999999,-99999999,-99999999,-99999999,-99999999,-99999999,0.007875434,-99999999,-99999999,-99999999,-99999999,-99999999,-99999999,-99999999,-99999999
1998.75,-0.00035,71.8,6.1,-0.001946058,-99999999,5.3,-99999999,0.030311914,0.092754053,0.078123281,7.1,66.5,-99999999,-0.0007143,-99999999,-99999999,-99999999,-99999999,-99999999,-99999999,0.001643848,-99999999,-99999999,-99999999,-99999999,-99999999,-99999999,-99999999,-99999999
1999,0.00756,71.9,6.2,0.002592811,-99999999,5.2,-99999999,-0.004907334,-0.043465694,-0.057084962,7.2,66.6,-99999999,0.002139386,-99999999,-99999999,-99999999,-99999999,-99999999,-99999999,-0.007038443,-99999999,-99999999,-99999999,-99999999,-99999999,-99999999,-99999999,-99999999
1999.25,0.016,71.9,6,0.018038867,-99999999,5,-99999999,0.046743404,-0.001761846,0,7.5,66.3,-99999999,0.003895044,-99999999,-99999999,-99999999,-99999999,-99999999,-99999999,0.033095177,-99999999,-99999999,-99999999,-99999999,-99999999,-99999999,-99999999,-99999999
1999.5,0.01435,72.1,5.9,0.024703016,-99999999,4.8,-99999999,-0.06180715,-0.010723865,0.00420773,7.2,66.6,-99999999,0.009759837,-99999999,-99999999,-99999999,-99999999,-99999999,-99999999,0.036393866,-99999999,-99999999,-99999999,-99999999,-99999999,-99999999,-99999999,-99999999
1999.75,0.01345,72.3,5.8,0.010988063,-99999999,4.6,-99999999,-0.015605073,0.006287724,-0.003604124,7.3,66.9,-99999999,-0.001726819,-99999999,-99999999,-99999999,-99999999,-99999999,-99999999,0.005708243,-99999999,-99999999,-99999999,-99999999,-99999999,-99999999,-99999999,-99999999
2000,0.01745,72.3,5.8,0.010995384,-99999999,4.5,-99999999,0.099023372,-0.049039704,-0.043751508,6.7,66.9,-99999999,-0.001386416,-99999999,-99999999,-99999999,-99999999,-99999999,-99999999,0.011657967,-99999999,-99999999,-99999999,-99999999,-99999999,-99999999,-99999999,-99999999
2000.25,0.01916,72.5,5.5,0.023041304,-99999999,4.4,-99999999,0.024589273,0.043655819,0.044956209,6.1,67.5,-99999999,0.003457777,-99999999,-99999999,-99999999,-99999999,-99999999,-99999999,0.020510931,-99999999,-99999999,-99999999,-99999999,-99999999,-99999999,-99999999,-99999999
2000.5,-0.00143,72.6,5.3,0.008108112,-99999999,4.3,-99999999,0.038120463,-0.007283936,-0.004231156,6.7,67.3,-99999999,-0.000689356,-99999999,-99999999,-99999999,-99999999,-99999999,-99999999,0.036919276,-99999999,-99999999,-99999999,-99999999,-99999999,-99999999,-99999999,-99999999
2000.75,0.0037,72.5,5.2,0.012766777,-99999999,4.2,-99999999,-0.026328939,-0.029438871,-0.021797129,5.8,67.4,-99999999,-0.000345089,-99999999,-99999999,-99999999,-99999999,-99999999,-99999999,-0.00039471,-99999999,-99999999,-99999999,-99999999,-99999999,-99999999,-99999999,-99999999
2001,0.01232,72.6,5.1,-0.002270496,-99999999,4.1,-99999999,-0.028028724,-0.012964977,-0.015605073,6.1,67.1,-99999999,0.005829544,-99999999,-99999999,-99999999,-99999999,-99999999,-99999999,0.011749412,-99999999,-99999999,-99999999,-99999999,-99999999,-99999999,-99999999,-99999999
2001.25,0.01853,72.7,5,0.015405653,-99999999,3.9,-99999999,0.028028724,0,-0.030152417,6.1,66.3,-99999999,-0.002390931,-99999999,-99999999,-99999999,-99999999,-99999999,-99999999,0.046656097,-99999999,-99999999,-99999999,-99999999,-99999999,-99999999,-99999999,-99999999
2001.5,0.01658,72.5,5.1,0.015349387,-99999999,3.8,-99999999,0.026328939,0.005032437,0.050837016,5.5,66.3,-99999999,0,-99999999,-99999999,-99999999,-99999999,-99999999,-99999999,0.030909063,-99999999,-99999999,-99999999,-99999999,-99999999,-99999999,-99999999,-99999999
2001.75,0.00702,72.6,5.2,-0.008807589,-99999999,3.7,-99999999,-0.011088972,-0.005032437,0.019140452,5.8,66.5,-99999999,0.005107403,-99999999,-99999999,-99999999,-99999999,-99999999,-99999999,0.013305458,-99999999,-99999999,-99999999,-99999999,-99999999,-99999999,-99999999,-99999999
2002,0.01305,72.5,5.2,0.02890144,-99999999,3.5,-99999999,-0.003760149,0.003026455,-0.019140452,5.7,66.4,-99999999,0.002363054,-99999999,-99999999,-99999999,-99999999,-99999999,-99999999,0.015053485,-99999999,-99999999,-99999999,-99999999,-99999999,-99999999,-99999999,-99999999
2002.25,0.0356,72.7,5.2,0.034277673,-99999999,3.5,-99999999,0.02208753,0.040294595,0.032815467,5.6,67.2,-99999999,0.006349936,-99999999,-99999999,-99999999,-99999999,-99999999,-99999999,0.107416997,-99999999,-99999999,-99999999,-99999999,-99999999,-99999999,-99999999,-99999999
2002.5,0.02971,72.6,5.3,0.023399454,-99999999,3.5,-99999999,0.041066271,0.036028887,0.022802848,5.2,67.9,-99999999,0.00132508,-99999999,-99999999,-99999999,-99999999,-99999999,-99999999,0.034142416,-99999999,-99999999,-99999999,-99999999,-99999999,-99999999,-99999999,-99999999
2002.75,0.01958,72.9,5.1,0.021853652,-99999999,3.4,-99999999,0.046410074,0.040241219,0.035700937,5.1,69.3,-99999999,-0.00398743,-99999999,-99999999,-99999999,-99999999,-99999999,-99999999,0.047347316,-99999999,-99999999,-99999999,-99999999,-99999999,-99999999,-99999999,-99999999
2003,0.01472,72.7,5.2,0.001395325,-99999999,3.3,-99999999,0.060187206,0.011379546,-0.005663672,4.9,69.8,-99999999,0.006954159,-99999999,-99999999,-99999999,-99999999,-99999999,-99999999,0.051280937,-99999999,-99999999,-99999999,-99999999,-99999999,-99999999,-99999999,-99999999
2003.25,0.01928,72.9,4.9,0.008279097,-99999999,3.3,-99999999,0.019971081,0.014723257,0.030032318,4.5,70.8,-99999999,0.000984423,-99999999,-99999999,-99999999,-99999999,-99999999,-99999999,0.075900857,-99999999,-99999999,-99999999,-99999999,-99999999,-99999999,-99999999,-99999999
2003.5,0.01491,72.8,5,0.013788285,-99999999,3.2,-99999999,0.054931367,0.060067972,0.051474819,4.7,70.7,-99999999,0.0052129,-99999999,-99999999,-99999999,-99999999,-99999999,-99999999,0.072336604,-99999999,-99999999,-99999999,-99999999,-99999999,-99999999,-99999999,-99999999
2003.75,0.01365,72.8,4.9,0.011111225,-99999999,3.1,-99999999,0.025062404,0.043735749,0.033471483,4.8,70.1,-99999999,-0.00162232,-99999999,-99999999,-99999999,-99999999,-99999999,-99999999,0.060983695,-99999999,-99999999,-99999999,-99999999,-99999999,-99999999,-99999999,-99999999
2004,0.02004,73,4.8,-0.000645791,-99999999,3,-99999999,0.058752311,0.02438007,0.005532489,4.6,70.8,-99999999,-0.000325192,-99999999,-99999999,-99999999,-99999999,-99999999,-99999999,0.032944799,-99999999,-99999999,-99999999,-99999999,-99999999,-99999999,-99999999,-99999999
2004.25,0.02479,72.9,4.8,0.032069262,-99999999,2.9,-99999999,-0.021810163,0.017426919,0.018826857,4.2,70.6,-99999999,-0.000977041,-99999999,-99999999,-99999999,-99999999,-99999999,-99999999,0.118452949,-99999999,-99999999,-99999999,-99999999,-99999999,-99999999,-99999999,-99999999
2004.5,0.01444,72.9,4.7,0.013300292,-99999999,2.9,-99999999,0.009221036,-0.009948108,-0.003776498,4.9,69.3,-99999999,0.01126429,-99999999,-99999999,-99999999,-99999999,-99999999,-99999999,0.048913863,-99999999,-99999999,-99999999,-99999999,-99999999,-99999999,-99999999,-99999999
2004.75,-0.00289,73,4.7,-0.000582555,-99999999,2.9,-99999999,-0.0205511,-0.017287635,-0.009587464,4.2,70.4,-99999999,-0.000635863,-99999999,-99999999,-99999999,-99999999,-99999999,-99999999,0.021644765,-99999999,-99999999,-99999999,-99999999,-99999999,-99999999,-99999999,-99999999
2005,0.00093,73.1,4.7,0.002839061,-99999999,2.7,-99999999,-0.021572106,0.002198964,0.011857301,4.5,69.9,-99999999,0.003801289,-99999999,-99999999,-99999999,-99999999,-99999999,-99999999,0.008541678,-99999999,-99999999,-99999999,-99999999,-99999999,-99999999,-99999999,-99999999
2005.25,0.01317,72.9,4.8,0.014203269,-99999999,2.9,-99999999,0.049361615,0.015617976,-0.001133436,4.5,69.2,-99999999,0.00282929,-99999999,-99999999,-99999999,-99999999,-99999999,-99999999,0.035332279,-99999999,-99999999,-99999999,-99999999,-99999999,-99999999,-99999999,-99999999
2005.5,0.00037,73,4.7,0.0066422,-99999999,2.9,-99999999,0.014124643,-0.004252612,-0.002656244,4.6,70.2,-99999999,0.004674905,-99999999,-99999999,-99999999,-99999999,-99999999,-99999999,0.029603273,-99999999,-99999999,-99999999,-99999999,-99999999,-99999999,-99999999,-99999999
2005.75,-0.00066,72.7,5.1,0.002789834,-99999999,3.1,-99999999,-0.007004902,0.001067063,-0.00267259,4.9,69.9,-99999999,-0.000930964,-99999999,-99999999,-99999999,-99999999,-99999999,-99999999,-0.012521031,-99999999,-99999999,-99999999,-99999999,-99999999,-99999999,-99999999,-99999999
2006,0.00802,72.9,5.2,0.003567892,-99999999,3.1,-99999999,0.00526424,-0.00267259,0.00381297,4.7,69.7,-99999999,-0.002180041,-99999999,-99999999,-99999999,-99999999,-99999999,-99999999,0.029692001,-99999999,-99999999,-99999999,-99999999,-99999999,-99999999,-99999999,-99999999
2006.25,0.01259,72.8,5.5,0.01753029,-99999999,3.1,-99999999,0.018774001,-0.002689139,0.005282535,5.8,69.3,-99999999,0.005275525,-99999999,-99999999,-99999999,-99999999,-99999999,-99999999,0.036437105,-99999999,-99999999,-99999999,-99999999,-99999999,-99999999,-99999999,-99999999
2006.5,0.00892,72.8,5.5,0.011602903,-99999999,3,-99999999,0.022777215,0.019000115,0.020152241,5.3,70.5,-99999999,-0.000308557,-99999999,-99999999,-99999999,-99999999,-99999999,-99999999,0.011776106,-99999999,-99999999,-99999999,-99999999,-99999999,-99999999,-99999999,-99999999
2006.75,0.00919,72.7,5.5,0.010141098,-99999999,2.9,-99999999,-0.003181659,0.027512014,0.006749907,5.3,70.2,-99999999,-0.001236426,-99999999,-99999999,-99999999,-99999999,-99999999,-99999999,0.016565997,-99999999,-99999999,-99999999,-99999999,-99999999,-99999999,-99999999,-99999999
2007,0.00872,72.5,5.5,0.004441011,-99999999,2.8,-99999999,0,0.020357583,0.022998443,5.5,69.9,-99999999,0.000309437,-99999999,-99999999,-99999999,-99999999,-99999999,-99999999,-0.00752248,-99999999,-99999999,-99999999,-99999999,-99999999,-99999999,-99999999,-99999999
2007.25,0.01521,72.7,5.4,0.018354984,-99999999,2.8,-99999999,0.017217531,0.002306402,0,5.7,70.1,-99999999,0.003082302,-99999999,-99999999,-99999999,-99999999,-99999999,-99999999,0.041195999,-99999999,-99999999,-99999999,-99999999,-99999999,-99999999,-99999999,-99999999
2007.5,0.00551,72.7,5.3,0.00850152,-99999999,2.8,-99999999,-0.004628404,0.003664954,0.010895074,5.1,69.6,-99999999,-0.007747164,-99999999,-99999999,-99999999,-99999999,-99999999,-99999999,1.19E-02,-99999999,-99999999,-99999999,-1.00E+08,-99999999,-99999999,-99999999,-99999999
2007.75,-0.00041,72.9,5.2,-0.001920343,-99999999,2.7,-99999999,-0.042324315,-0.013435247,-0.019334797,5,69.6,-99999999,-0.004083812,-99999999,-99999999,-99999999,-99999999,-99999999,-99999999,-1.22E-02,-99999999,-99999999,-99999999,-99999999,-99999999,-99999999,-99999999,-99999999
2008,-0.01099,73,5.2,-0.014823677,-99999999,2.6,-99999999,-0.01744389,0.018875333,0.024842522,5.2,69.7,-99999999,0.003144796,-99999999,-99999999,-99999999,-99999999,-99999999,-99999999,-0.040574493,-99999999,-99999999,-99999999,-99999999,-99999999,-99999999,-99999999,-99999999
2008.25,-0.0119,72.9,5.4,-0.002415421,-99999999,2.9,-99999999,-0.054951366,-0.044058879,-0.024501765,5.2,70.3,0,0.008071466,-99999999,-99999999,-99999999,-99999999,-99999999,-99999999,0.002636515,-99999999,-99999999,-99999999,-99999999,-99999999,-99999999,-99999999,-99999999
2008.5,-0.02385,72.4,5.9,-0.024999195,-99999999,3.4,-99999999,-0.055976656,-0.020417131,-0.035102863,6.5,68.7,0,-0.001849376,-99999999,-99999999,-99999999,-99999999,-99999999,-99999999,-0.067429994,-99999999,-99999999,-99999999,-99999999,-99999999,-99999999,-99999999,-99999999
2008.75,-0.02256,72.2,6.4,-0.027965513,-99999999,4.2,-99999999,-0.083337206,-0.076368246,-0.029014637,7,68.8,0.001334239,-0.001547185,-99999999,-99999999,-99999999,-99999999,-99999999,-99999999,-0.024594821,-99999999,-99999999,-99999999,-99999999,-99999999,-99999999,-99999999,-99999999
2009,-0.02017,71.7,7.1,-0.017907778,-99999999,5.1,-99999999,0.024359346,-0.018456316,-0.023524966,7.6,68.7,0.001330153,-0.0027989,-99999999,-99999999,-99999999,-99999999,-99999999,-99999999,-0.04989959,-99999999,-99999999,-99999999,-99999999,-99999999,-99999999,-99999999,-99999999
2009.25,0.01246,70.8,7.8,0.014132308,-99999999,5.4,-99999999,-0.002640096,0.019700713,0.005796199,7.7,67.9,-0.001330153,0.000623538,-99999999,-99999999,-99999999,-0.04057194,-99999999,-99999999,0.022834465,-99999999,-99999999,-99999999,-99999999,-99999999,-99999999,0.000491138,-99999999
2009.5,0.01684,70.6,7.8,0.015382116,-99999999,5.5,-99999999,-0.02451215,0.003095483,0.00327771,8.7,67.5,0,-0.002499543,-99999999,-99999999,-99999999,0.280733784,-99999999,-99999999,0.025744248,-99999999,-99999999,-99999999,-99999999,-99999999,-99999999,1.04E-03,-99999999
2009.75,0.00528,70.6,7.8,0.007211167,-99999999,5.4,-99999999,-0.047316898,-0.013151955,-0.011162872,8.5,67.1,0.002656244,-0.00282929,-99999999,-99999999,-99999999,-0.41167776,-99999999,-99999999,0.028575656,-99999999,-99999999,-99999999,-99999999,-99999999,-1.00E+08,-2.02E-03,-99999999
2010,0.00206,70.2,8,-0.000526538,-99999999,5.3,-99999999,0.139647075,0.039787087,-0.022109986,9.4,66.7,-0.003990483,0.005640267,-99999999,-99999999,-99999999,-0.019925366,-99999999,-99999999,-0.017456672,-99999999,-99999999,-99999999,-99999999,-99999999,-99999999,-0.002330004,-99999999
2010.25,0.01528,70.4,7.9,0.009747641,-99999999,5,-99999999,0.060083911,0.038830254,0.036338195,8.9,66.9,-0.001338351,-0.007536753,-99999999,-99999999,-99999999,0.108963575,-99999999,-99999999,0.009140386,-99999999,-99999999,-99999999,-99999999,-99999999,-99999999,-0.002378352,-99999999
2010.5,-0.00353,70.7,7.8,0.003234618,-99999999,4.9,-99999999,0.026451239,0.01815798,0.026320447,8,67.5,-0.005395032,0.001265243,-99999999,-99999999,-99999999,0.333289133,-99999999,-99999999,0.009734216,-99999999,-99999999,-99999999,-99999999,-99999999,-99999999,3.20E-03,-99999999
2010.75,-0.01152,70.4,7.9,-0.01085383,-99999999,4.9,-99999999,0.014786484,-0.020647852,-0.015386181,8.3,67.7,0,-0.008290748,-99999999,-99999999,-99999999,-0.226169582,-99999999,-99999999,-0.032079259,-99999999,-1.00E+08,-99999999,-99999999,-99999999,-99999999,0.002061382,-99999999
2011,-0.00158,70.5,7.8,-0.007934481,-99999999,4.9,-99999999,-0.035404646,-0.029951939,-0.005263505,7.9,68.5,-0.004090716,0.006074148,-99999999,-99999999,-99999999,-0.161704889,-99999999,-99999999,-0.030147164,-99999999,-99999999,-99999999,-99999999,-99999999,-99999999,0.006426486,-99999999
2011.25,0.01157,70.5,7.9,0.005482454,-99999999,5.1,-99999999,0.041888275,0.017566831,0.008460307,8.4,68.4,-0.005514925,0.002847843,-99999999,-99999999,-99999999,0.222230928,-99999999,-99999999,0.02475843,-99999999,-99999999,-99999999,-99999999,-99999999,-99999999,0.000804823,-99999999
2011.5,-0.00044,70.1,8.3,0.004611272,-99999999,5.4,-99999999,-0.009568907,-0.016488392,0.007981736,9.7,67.5,-0.005585858,0.001574103,-99999999,-99999999,-99999999,0.109898381,-99999999,-99999999,2.12E-02,-99999999,-99999999,-99999999,-99999999,-99999999,-99999999,0.003468066,-99999999
2011.75,-0.00475,70.2,8.4,-0.006440648,-99999999,5.4,-99999999,0.019900248,-0.022730936,-0.030237734,8.9,68.6,0.001403214,-0.007608273,-99999999,-99999999,-99999999,-0.301286351,-99999999,-99999999,-2.80E-02,-99999999,-99999999,-99999999,-99999999,-99999999,-99999999,0.004371601,-99999999
2012,-0.00547,70.5,8.2,-0.002870421,-99999999,5.5,-99999999,-0.010884704,-0.055118953,-0.040725719,8.9,68.2,0,0.001596086,-99999999,-99999999,-99999999,-0.042180591,-99999999,-99999999,-0.009200556,-99999999,-99999999,-99999999,-99999999,-99999999,-99999999,0.001595609,-99999999
2012.25,0.00592,70.9,8,0.010604238,-99999999,5.5,-99999999,0.008942627,0.003847278,-0.0033401,8.2,68.9,-0.001403214,0.001590242,-99999999,-99999999,-99999999,0.205140457,-99999999,-99999999,0.029313815,-99999999,-99999999,-99999999,-99999999,-99999999,-99999999,-3.32E-03,-99999999
2012.5,-0.00276,71.1,7.9,0.000627726,-99999999,5.5,-99999999,-0.06021714,0.000294754,0.017221352,8.6,68.6,-0.004237053,0.00848811,-99999999,-99999999,-99999999,0.119029818,-99999999,-99999999,-0.015764777,-99999999,-99999999,-99999999,-99999999,-99999999,-99999999,0.005184958,-99999999
2012.75,-0.00262,71.4,7.8,-0.003719569,-99999999,5.5,-99999999,-0.036783169,0.027173718,0.036020487,8.6,68.7,0,-0.003438117,-99999999,-99999999,-99999999,-0.111373137,-99999999,-99999999,-0.006347264,-99999999,-99999999,-99999999,-99999999,-99999999,-99999999,0.001496892,-99999999
2013,0.00035,71.2,7.8,-0.000415284,-99999999,5.4,-99999999,-0.067639454,-0.012475701,-0.016638362,8,69.6,0.001416949,-0.00632172,-99999999,-99999999,-99999999,-0.170750433,-99999999,-99999999,-0.00132393,-99999999,-99999999,-99999999,-99999999,-99999999,-99999999,0.000360646,-99999999
2013.25,0.01115,71.3,7.7,0.010110556,-99999999,5.2,-99999999,0.080161203,0.063062162,0.049156496,7.8,69.8,0.001412341,0.004749896,-99999999,-99999999,-99999999,0.147240641,-99999999,-99999999,0.018762657,-99999999,-99999999,-99999999,-99999999,-99999999,-99999999,0.002384372,-99999999
2013.5,0.0093,71.7,7.6,0.008576069,-99999999,4.8,-99999999,-0.009089273,0.023641545,0.018364726,8.1,70,-0.004250877,0.004074969,-99999999,-99999999,-99999999,0.210486644,-99999999,-99999999,0.005435096,-99999999,-99999999,-99999999,-99999999,-99999999,-99999999,0.000238487,-99999999
2013.75,0.00887,72,7.2,0.004594345,-99999999,4.5,-99999999,0.043750388,0.006669615,0.000920009,7,70.8,0,0.004037089,-99999999,-99999999,-99999999,-0.315883895,-99999999,-99999999,-0.011623517,-99999999,-99999999,-99999999,-99999999,-99999999,-99999999,0.00234351,-99999999
2014,0.00907,72.5,6.8,0.003805254,-99999999,4,-99999999,-0.016051614,-0.033841629,-0.01008771,6.6,70,-0.002857211,0.013691678,-99999999,-99999999,-99999999,-0.015363925,-99999999,-99999999,0.01453739,-99999999,-99999999,-99999999,-99999999,-99999999,-99999999,0.000605679,-99999999
2014.25,0.02006,72.8,6.3,0.017867914,-99999999,3.7,-99999999,0.064349933,0.023427359,0.02714255,6.3,69.3,-0.004321374,-0.004818851,-99999999,-99999999,-99999999,0.144075803,-99999999,-99999999,0.034319137,-99999999,-99999999,-99999999,-99999999,-99999999,-99999999,0.0008671,-99999999
2014.5,0.00524,73,6,0.011591882,-99999999,3.4,-99999999,0.025957454,0.021806575,0.023320596,7,68.8,-0.002904991,-0.000302961,-99999999,-99999999,-99999999,0.209020598,-99999999,-99999999,0.023416026,-99999999,-99999999,-99999999,-99999999,-99999999,-99999999,0.002226402,-99999999
2014.75,0.00044,73.2,5.7,-0.001060812,-99999999,3.2,-99999999,0.010604812,-0.006235983,-0.024573744,6.7,69.3,0,-0.000606557,-99999999,-99999999,-99999999,-0.31435492,0.001877493,0.01457945,-0.009551504,-99999999,-99999999,-99999999,-99999999,-99999999,-99999999,-0.001464814,-99999999
2015,-0.001,73.4,5.5,-0.000299319,-99999999,3,-99999999,-0.043725792,-0.026350825,-0.042538292,6.5,69.6,-0.005868934,0.004828897,-99999999,-99999999,-99999999,-0.150858163,0.008528947,-0.002635048,-0.012295941,-99999999,-99999999,-99999999,-99999999,-99999999,-99999999,0.00585164,-99999999
2015.25,0.01292,73.4,5.6,0.01177724,-99999999,3,-99999999,0.039285882,0.012205923,0.012553898,5.6,71.7,-0.004454341,0.000300031,-99999999,-99999999,-99999999,0.380051159,0.004334291,0.003949972,0.02370814,-99999999,-99999999,-99999999,-99999999,-99999999,-99999999,0.00167332,-99999999
2015.5,0.00328,73.8,5.3,0.012155805,-99999999,2.9,-99999999,-0.062658758,0.026876845,0.042875963,6.4,70.6,-0.004500501,0.001198055,-99999999,-99999999,-99999999,0.134495606,0.003315235,-0.003949972,0.012700444,-99999999,-99999999,-99999999,-99999999,-99999999,-99999999,-0.001497529,-99999999
2015.75,0.0029,74.1,5.1,0.00539855,-99999999,2.9,-99999999,-0.020543611,0.007254853,0.001832854,5.3,71.3,0,0.005646056,-99999999,-99999999,-99999999,-0.342883014,-0.000160215,0.007229739,0.009083943,-99999999,-99999999,-99999999,-99999999,-99999999,-99999999,0.001297988,-99999999
2016,0.00334,74.1,5.1,0.005782963,-99999999,2.8,-99999999,-0.047206921,0.004506528,-0.003321049,4.6,72.4,0.00300551,0.001473685,-99999999,-99999999,-99999999,-0.099538543,0.00579844,0.00847739,0.000673174,-99999999,-99999999,-99999999,-99999999,-99999999,-99999999,0.000498778,-99999999
2016.25,0.01224,74.4,4.9,0.010780347,-99999999,2.8,-99999999,0.055188378,0.050121346,0.043564943,4,72.4,-0.001500155,0,-99999999,-99999999,-99999999,0.468802813,0.003022977,0.006472515,0.033465643,-99999999,-99999999,-99999999,-99999999,-99999999,-99999999,-0.001197485,-99999999
2016.5,0.00446,74.4,4.8,0.00391892,-99999999,2.8,-99999999,0.00273034,0.033750859,0.020555181,4.8,72.9,-0.003015946,-0.006223364,-99999999,-99999999,-99999999,0.048596813,0.002459513,0.003220615,-0.010091657,-99999999,-99999999,-99999999,-99999999,-99999999,-99999999,0.000698707,-99999999
2016.75,-0.00086,74.6,4.7,0.001379832,-99999999,2.7,-99999999,0.037665695,-0.001808723,-0.007464359,4.5,72.5,0.001510591,-0.000896377,-99999999,-99999999,-99999999,-0.392422344,1.89E-03,0.003851096,1.01E-02,-99999999,-99999999,-99999999,-99999999,-99999999,-99999999,0.003386795,-99999999
2017,0.00153,74.8,4.6,-0.000531315,-99999999,2.6,-99999999,0.002143997,0.000613999,-0.013671433,4.6,73.7,0.004500501,-0.002700285,-99999999,-99999999,-99999999,-0.127560037,0.00185999,0.013363228,0.009162065,-99999999,-99999999,-99999999,-99999999,-99999999,-99999999,0.003771717,-99999999
2017.25,0.00689,75.1,4.4,0.013111469,-99999999,2.6,-0.091613673,0.074292618,0.029184044,0.028705531,4.1,72.9,-0.001494991,0.005977995,-99999999,-99999999,0.194588899,0.27244531,0.006874016,0.004415018,0.017442568,-99999999,-99999999,-99999999,-99999999,-99999999,-99999999,0.003165186,-99999999
2017.5,0.0035,75,4.3,0.00595275,-99999999,2.5,0.039293916,0.008023809,0.011944067,0.00280153,4.5,72.4,0,-0.002381333,-99999999,-99999999,0.162343719,0.207007725,0.003314679,0.006273546,0.01865525,-99999999,-99999999,-99999999,-99999999,-99999999,-99999999,0.003253639,-99999999
2017.75,-0.00049,75.2,4.4,0.000839135,-99999999,2.5,-0.0788808,0.040593042,0.015082239,0.015197298,5.1,72.6,0.001494991,0.002084379,-99999999,-99999999,-0.372263065,-0.544008999,0.00308216,0.008717365,0.00372506,-99999999,-99999999,-99999999,-99999999,-99999999,-99999999,0.006377886,-99999999
2018,0.00074,75.6,4.2,-0.00301288,-99999999,2.6,0.144322235,-0.048201368,-0.019063321,-0.019680583,4.3,73.6,0,0.003844648,-99999999,-99999999,-0.046370547,0.178966988,0.001670187,0.002476781,0.001503826,-99999999,-99999999,-99999999,-99999999,-99999999,-99999999,-0.000391313,-99999999
2018.25,0.00568,75.5,4,0.008805021,-99999999,2.7,-0.000646753,0.056815264,0.038322338,0.040319181,4,74.7,-0.001494991,0.003518948,0.022674647,0.009686532,0.234217051,0.147081348,0.005429253,0.018989851,0.018305744,-99999999,-99999999,-99999999,-99999999,-99999999,-99999999,0.001857374,-99999999
2018.5,0.00307,75.6,4.1,0.005854046,-99999999,2.9,-0.11239276,0.0015173,0.018671642,0.037017995,4.1,75,-0.00300551,-0.002636534,-0.002995835,0.0326592,0.110007755,0.167642904,0.000141093,-0.001822047,0.021380628,-99999999,-99999999,-99999999,-99999999,-99999999,-99999999,2.54E-03,-99999999
2018.75,-0.00388,75.8,4,-0.003248848,-99999999,3.1,0.053567856,0.012315977,-0.028379069,-0.012141463,4.1,76.2,0.00300551,-0.001766624,0.001500501,-0.001908191,-0.337433315,-0.23989038,0.000117961,0.011483958,0.012243155,-99999999,-99999999,-99999999,-99999999,-99999999,-99999999,0.004083226,-99999999
2019,-0.00302,76.1,3.8,-0.004991601,-99999999,3.3,0.103091198,-0.02668472,-0.048325456,-0.041088926,4.5,75.4,0.001494991,0.001178547,0.028502803,-0.008274277,-0.034365671,-0.223124725,-0.001080501,0.014320054,-0.014454417,-99999999,-99999999,-99999999,-99999999,-99999999,-99999999,0.002422599,-99999999
2019.25,0.00652,76.1,3.9,0.005595724,-99999999,3.4,-0.013656317,0.053832191,-0.006909798,-0.008645343,3.9,75,0,0.002347543,-0.021469942,-0.011283453,0.288947982,0.382890445,0.008050516,0.008259634,0.018641677,-99999999,-99999999,-99999999,-99999999,-99999999,-99999999,0.001450747,-99999999
2019.5,0.0018,76,3.8,0.006533681,-99999999,3.6,-0.080631312,0.004931095,-0.032048,-0.001608897,3.8,73.9,0.001489862,-0.000585697,-0.003452672,-0.014234088,0.095410147,0.184150619,-0.002089239,0.000587372,0.009150717,-99999999,-99999999,-99999999,-99999999,-99999999,-99999999,0.003858402,-99999999
2019.75,-0.00177,76.5,3.8,-0.003255121,-99999999,3.8,-0.066583819,0.007070097,-0.073770339,-0.044959203,2.9,74.4,0.001484769,-0.00798521,-0.007391575,0.015375718,-0.309225169,-0.196731228,-2.46E-03,0.009351325,0.012181221,-99999999,-99999999,-99999999,-99999999,-99999999,-99999999,0.004035363,-99999999
2020,0.00398,76.3,4,0.001667164,-99999999,3.5,0.150819256,-0.057832792,-0.069872213,-0.04970269,3.2,74,0.002954396,0.003270977,-0.021370671,-0.026643776,-0.097642734,-0.195613493,-3.66E-04,0.00580048,0.003674523,-99999999,-99999999,-99999999,-99999999,-99999999,-99999999,0.002585589,-99999999
2020.25,0.00441,75.7,4.1,0.003752935,-99999999,6.8,-0.143266118,-0.284863279,-0.186591977,-0.18338606,2.7,74.4,0.005849172,-0.006867639,-0.182809761,-0.190887676,-99999999,-99999999,-0.018195986,0.003464207,0.002035583,-99999999,-99999999,-99999999,-99999999,-99999999,-99999999,0.003437086,-99999999
2020.5,0.00821,74.9,4.9,0.012472489,-99999999,6.9,0.008241129,0.234921317,0.176046154,0.162682497,4.6,72,-0.001454924,0.001802054,0.08081711,0.084247098,-99999999,-99999999,-0.001585533,0.038444531,0.015736918,-99999999,-99999999,-99999999,-99999999,-99999999,-99999999,0.004943916,-99999999
2020.75,0.01049,74.6,5.2,0.011431048,-99999999,6.6,0.076177626,0.027324682,0.024947286,0.025721729,4.5,72.3,0.005790679,-0.004822195,0.031859534,0.056358499,-99999999,-99999999,-0.004695934,0.006082407,0.063967856,-99999999,-99999999,-99999999,-99999999,-99999999,-99999999,3.69E-03,-99999999
2021,0.00344,74.7,4.9,0.009564843,-99999999,6.6,0.15838152,-0.043557944,-0.016456149,0.007769252,4.5,73.8,0.005714484,0.003020141,-0.047807491,-0.0381496,-99999999,-99999999,0.001071231,0.01151013,0.019340085,-99999999,-99999999,-99999999,-99999999,-99999999,-99999999,0.002924944,-99999999
2021.25,0.02026,75,4.7,0.020892106,-99999999,5.6,-0.072291284,0.073199119,0.053719964,0.035002498,4.1,74.1,0,0.012752478,0.061758978,0.022443542,0.439332694,0.477121255,0.023511998,0.017823858,0.06044303,-99999999,-99999999,-99999999,-99999999,-99999999,-99999999,0.002981306,-99999999
2021.5,0.00855,75.3,4.3,0.004603974,-99999999,5.1,-0.017775589,-0.004368609,0.036270644,0.020436354,3.8,73.7,0,-0.010650807,0.0518211,0.058241774,0.581856605,0.508155488,0.00897004,0.005871381,9.58E-03,-99999999,-99999999,-99999999,-99999999,-99999999,-99999999,0.002192585,-99999999
2021.75,0.00968,75.5,4,0.004272025,-99999999,4.7,-0.028419101,0.012639528,0.006055093,0.012099257,3.1,74.4,0.004237053,0.002984854,0.0372627,0.047215373,0.202825512,-0.04742465,0.004650388,0.015315853,2.86E-02,-99999999,-1.00E+08,-99999999,-99999999,-99999999,-99999999,0.00696613,-99999999
2022,0.01295,75.6,3.7,0.010969918,-99999999,-99999999,0.132526888,-99999999,-99999999,-99999999,3,74.2,0.009728603,0.009131,0.011137608,0.088038184,0.037248057,0.317420412,0.007935133,0.023822981,0.011877443,-99999999,-99999999,-99999999,-99999999,-99999999,-99999999,0.003218043,-99999999
2022.25,0.01583,75.5,3.8,-99999999,-99999999,-99999999,-0.118992537,-99999999,-99999999,-99999999,3.8,72.7,0,0.0077993,-99999999,-99999999,-99999999,-99999999,-99999999,-99999999,-99999999,-99999999,-99999999,-99999999,-99999999,-99999999,-99999999,-99999999,-99999999
