Time,UKQuarterlyHPI,UKEmp,UKUnEmp,UKMonthlyHousePrice,RegCBI,RegCC,BusinessBirths,ConstructionOutput_TNH,ConstructionOutput_ANW,ConstructionOutput_AW,Unemployment,Employment,PublicEMP,WorkforceJobs,Exports,Imports,OvernightVisits,Spending,Scot_IncComp,Scot_GDP,Scot_LabourProductivity,Scot_RetailSales,Scot_CSI_current,PayrollEMP,PayrollPayMedian,HousePrice,PMIAC,PMINB,PMIOB,PMICH,PMIPR,PMIEM,HousingRental,PMIFU
Tcode,5,1,1,5,1,1,5,5,5,5,1,1,5,5,5,5,5,5,5,5,5,5,5,5,5,5,5,5,5,5,5,5,5,5
lag ,0,2,2,2,1,0,1,2,2,2,2,2,3,3,4,4,5,5,2,5,1,1,1,0,0,2,0,0,0,0,0,0,0,0
1967,0.00672,-99999999,-99999999,-99999999,-99999999,-99999999,-99999999,-99999999,-99999999,-99999999,-99999999,-99999999,-99999999,-99999999,-99999999,-99999999,-99999999,-99999999,-99999999,-99999999,-99999999,-99999999,-99999999,-99999999,-99999999,-99999999,-99999999,-99999999,-99999999,-99999999,-99999999,-99999999,-99999999,-99999999
1967.25,0.00661,-99999999,-99999999,-99999999,-99999999,-99999999,-99999999,-99999999,-99999999,-99999999,-99999999,-99999999,-99999999,-99999999,-99999999,-99999999,-99999999,-99999999,-99999999,-99999999,-99999999,-99999999,-99999999,-99999999,-99999999,-99999999,-99999999,-99999999,-99999999,-99999999,-99999999,-99999999,-99999999,-99999999
1967.5,0.00759,-99999999,-99999999,-99999999,-99999999,-99999999,-99999999,-99999999,-99999999,-99999999,-99999999,-99999999,-99999999,-99999999,-99999999,-99999999,-99999999,-99999999,-99999999,-99999999,-99999999,-99999999,-99999999,-99999999,-99999999,-99999999,-99999999,-99999999,-99999999,-99999999,-99999999,-99999999,-99999999,-99999999
1967.75,0.00852,-99999999,-99999999,-99999999,-99999999,-99999999,-99999999,-99999999,-99999999,-99999999,-99999999,-99999999,-99999999,-99999999,-99999999,-99999999,-99999999,-99999999,-99999999,-99999999,-99999999,-99999999,-99999999,-99999999,-99999999,-99999999,-99999999,-99999999,-99999999,-99999999,-99999999,-99999999,-99999999,-99999999
1968,0.00732,-99999999,-99999999,-99999999,-99999999,-99999999,-99999999,-99999999,-99999999,-99999999,-99999999,-99999999,-99999999,-99999999,-99999999,-99999999,-99999999,-99999999,-99999999,-99999999,-99999999,-99999999,-99999999,-99999999,-99999999,-99999999,-99999999,-99999999,-99999999,-99999999,-99999999,-99999999,-99999999,-99999999
1968.25,0.01024,-99999999,-99999999,-99999999,-99999999,-99999999,-99999999,-99999999,-99999999,-99999999,-99999999,-99999999,-99999999,-99999999,-99999999,-99999999,-99999999,-99999999,-99999999,-99999999,-99999999,-99999999,-99999999,-99999999,-99999999,-99999999,-99999999,-99999999,-99999999,-99999999,-99999999,-99999999,-99999999,-99999999
1968.5,0.00603,-99999999,-99999999,0.014477824,-99999999,-99999999,-99999999,-99999999,-99999999,-99999999,-99999999,-99999999,-99999999,-99999999,-99999999,-99999999,-99999999,-99999999,-99999999,-99999999,-99999999,-99999999,-99999999,-99999999,-99999999,0.091901362,-99999999,-99999999,-99999999,-99999999,-99999999,-99999999,-99999999,-99999999
1968.75,0.00398,-99999999,-99999999,-0.002379702,-99999999,-99999999,-99999999,-99999999,-99999999,-99999999,-99999999,-99999999,-99999999,-99999999,-99999999,-99999999,-99999999,-99999999,-99999999,-99999999,-99999999,-99999999,-99999999,-99999999,-99999999,-0.065514607,-99999999,-99999999,-99999999,-99999999,-99999999,-99999999,-99999999,-99999999
1969,0.0059,-99999999,-99999999,0.00710034,-99999999,-99999999,-99999999,-99999999,-99999999,-99999999,-99999999,-99999999,-99999999,-99999999,-99999999,-99999999,-99999999,-99999999,-99999999,-99999999,-99999999,-99999999,-99999999,-99999999,-99999999,0.075223421,-99999999,-99999999,-99999999,-99999999,-99999999,-99999999,-99999999,-99999999
1969.25,0.00582,-99999999,-99999999,0.006986121,-99999999,-99999999,-99999999,-99999999,-99999999,-99999999,-99999999,-99999999,-99999999,-99999999,-99999999,-99999999,-99999999,-99999999,-99999999,-99999999,-99999999,-99999999,-99999999,-99999999,-99999999,0.009615459,-99999999,-99999999,-99999999,-99999999,-99999999,-99999999,-99999999,-99999999
1969.5,0.00288,-99999999,-99999999,0.004595752,-99999999,-99999999,-99999999,-99999999,-99999999,-99999999,-99999999,-99999999,-99999999,-99999999,-99999999,-99999999,-99999999,-99999999,-99999999,-99999999,-99999999,-99999999,-99999999,-99999999,-99999999,-0.009615459,-99999999,-99999999,-99999999,-99999999,-99999999,-99999999,-99999999,-99999999
1969.75,0.00853,-99999999,-99999999,0.004547628,-99999999,-99999999,-99999999,-99999999,-99999999,-99999999,-99999999,-99999999,-99999999,-99999999,-99999999,-99999999,-99999999,-99999999,-99999999,-99999999,-99999999,-99999999,-99999999,-99999999,-99999999,-0.009708814,-99999999,-99999999,-99999999,-99999999,-99999999,-99999999,-99999999,-99999999
1970,0.00652,-99999999,-99999999,0.00225608,-99999999,-99999999,-99999999,-99999999,-99999999,-99999999,-99999999,-99999999,-99999999,-99999999,-99999999,-99999999,-99999999,-99999999,-99999999,-99999999,-99999999,-99999999,-99999999,-99999999,-99999999,0.033576296,-99999999,-99999999,-99999999,-99999999,-99999999,-99999999,-99999999,-99999999
1970.25,0.00733,-99999999,-99999999,0.006698762,-99999999,-99999999,-99999999,-99999999,-99999999,-99999999,-99999999,-99999999,-99999999,-99999999,-99999999,-99999999,-99999999,-99999999,-99999999,-99999999,-99999999,-99999999,-99999999,-99999999,-99999999,0.059514128,-99999999,-99999999,-99999999,-99999999,-99999999,-99999999,-99999999,-99999999
1970.5,0.00542,-99999999,-99999999,0.01949779,-99999999,-99999999,-99999999,-99999999,-99999999,-99999999,-99999999,-99999999,-99999999,-99999999,-99999999,-99999999,-99999999,-99999999,-99999999,-99999999,-99999999,-99999999,-99999999,-99999999,-99999999,-0.017937701,-99999999,-99999999,-99999999,-99999999,-99999999,-99999999,-99999999,-99999999
1970.75,0.00712,-99999999,-99999999,0,-99999999,-99999999,-99999999,-99999999,-99999999,-99999999,-99999999,-99999999,-99999999,-99999999,-99999999,-99999999,-99999999,-99999999,-99999999,-99999999,-99999999,-99999999,-99999999,-99999999,-99999999,0.035559302,-99999999,-99999999,-99999999,-99999999,-99999999,-99999999,-99999999,-99999999
1971,0.01475,72.2,3.8,0.010465434,-99999999,-99999999,-99999999,-99999999,-99999999,-99999999,-99999999,-99999999,-99999999,-99999999,-99999999,-99999999,-99999999,-99999999,-99999999,-99999999,-99999999,-99999999,-99999999,-99999999,-99999999,-0.017621601,-99999999,-99999999,-99999999,-99999999,-99999999,-99999999,-99999999,-99999999
1971.25,0.01509,72,4.1,0.012234457,-99999999,-99999999,-99999999,-99999999,-99999999,-99999999,-99999999,-99999999,-99999999,-99999999,-99999999,-99999999,-99999999,-99999999,-99999999,-99999999,-99999999,-99999999,-99999999,-99999999,-99999999,0.017621601,-99999999,-99999999,-99999999,-99999999,-99999999,-99999999,-99999999,-99999999
1971.5,0.0287,71.7,4.2,0.025381731,-99999999,-99999999,-99999999,-99999999,-99999999,-99999999,-99999999,-99999999,-99999999,-99999999,-99999999,-99999999,-99999999,-99999999,-99999999,-99999999,-99999999,-99999999,-99999999,-99999999,-99999999,0.103612263,-99999999,-99999999,-99999999,-99999999,-99999999,-99999999,-99999999,-99999999
1971.75,0.02328,71.5,4.4,0.018562419,-99999999,-99999999,-99999999,-99999999,-99999999,-99999999,-99999999,-99999999,-99999999,-99999999,-99999999,-99999999,-99999999,-99999999,-99999999,-99999999,-99999999,-99999999,-99999999,-99999999,-99999999,-0.044272823,-99999999,-99999999,-99999999,-99999999,-99999999,-99999999,-99999999,-99999999
1972,0.03577,71.8,4.5,0.026435816,-99999999,-99999999,-99999999,-99999999,-99999999,-99999999,-99999999,-99999999,-99999999,-99999999,-99999999,-99999999,-99999999,-99999999,-99999999,-99999999,-99999999,-99999999,-99999999,-99999999,-99999999,0.048202102,-99999999,-99999999,-99999999,-99999999,-99999999,-99999999,-99999999,-99999999
1972.25,0.03801,71.9,4.4,0.039211079,-99999999,-99999999,-99999999,-99999999,-99999999,-99999999,-99999999,-99999999,-99999999,-99999999,-99999999,-99999999,-99999999,-99999999,-99999999,-99999999,-99999999,-99999999,-99999999,-99999999,-99999999,0.097091124,-99999999,-99999999,-99999999,-99999999,-99999999,-99999999,-99999999,-99999999
1972.5,0.05225,72,4.3,0.061105182,-99999999,-99999999,-99999999,-99999999,-99999999,-99999999,-99999999,-99999999,-99999999,-99999999,-99999999,-99999999,-99999999,-99999999,-99999999,-99999999,-99999999,-99999999,-99999999,-99999999,-99999999,0.058738817,-99999999,-99999999,-99999999,-99999999,-99999999,-99999999,-99999999,-99999999
1972.75,0.02755,72.2,4.2,0.030144142,-99999999,-99999999,-99999999,-99999999,-99999999,-99999999,-99999999,-99999999,-99999999,-99999999,-99999999,-99999999,-99999999,-99999999,-99999999,-99999999,-99999999,-99999999,-99999999,-99999999,-99999999,0.006688988,-99999999,-99999999,-99999999,-99999999,-99999999,-99999999,-99999999,-99999999
1973,0.02755,72.8,3.9,0.046769243,-99999999,-99999999,-99999999,-99999999,-99999999,-99999999,-99999999,-99999999,-99999999,-99999999,-99999999,-99999999,-99999999,-99999999,-99999999,-99999999,-99999999,-99999999,-99999999,-99999999,-99999999,0.1426563,-99999999,-99999999,-99999999,-99999999,-99999999,-99999999,-99999999,-99999999
1973.25,0.02201,73,3.7,0.02108101,-99999999,-99999999,-99999999,-99999999,-99999999,-99999999,-99999999,-99999999,-99999999,-99999999,-99999999,-99999999,-99999999,-99999999,-99999999,-99999999,-99999999,-99999999,-99999999,-99999999,-99999999,0.036883613,-99999999,-99999999,-99999999,-99999999,-99999999,-99999999,-99999999,-99999999
1973.5,0.01693,72.9,3.6,0.028299396,-99999999,-99999999,-99999999,-99999999,-99999999,-99999999,-99999999,-99999999,-99999999,-99999999,-99999999,-99999999,-99999999,-99999999,-99999999,-99999999,-99999999,-99999999,-99999999,-99999999,-99999999,0.152159044,-99999999,-99999999,-99999999,-99999999,-99999999,-99999999,-99999999,-99999999
1973.75,0.02679,73,3.4,0.005044127,-99999999,-99999999,-99999999,-99999999,-99999999,-99999999,-99999999,-99999999,-99999999,-99999999,-99999999,-99999999,-99999999,-99999999,-99999999,-99999999,-99999999,-99999999,-99999999,-99999999,-99999999,-0.01203384,-99999999,-99999999,-99999999,-99999999,-99999999,-99999999,-99999999,-99999999
1974,0.00707,72.9,3.6,0.005976624,-99999999,-99999999,-99999999,-99999999,-99999999,-99999999,-99999999,-99999999,-99999999,-99999999,-99999999,-99999999,-99999999,-99999999,-99999999,-99999999,-99999999,-99999999,-99999999,-99999999,-99999999,0.030991753,-99999999,-99999999,-99999999,-99999999,-99999999,-99999999,-99999999,-99999999
1974.25,0.00434,73,3.6,0.000988156,-99999999,2.8,-99999999,-99999999,-99999999,-99999999,-99999999,-99999999,-99999999,-99999999,-99999999,-99999999,-99999999,-99999999,-99999999,-99999999,-99999999,-99999999,-99999999,-99999999,-99999999,0.025493849,-99999999,-99999999,-99999999,-99999999,-99999999,-99999999,-99999999,-99999999
1974.5,0.00519,73.1,3.7,0.003930294,-99999999,3,-99999999,-99999999,-99999999,-99999999,-99999999,-99999999,-99999999,-99999999,-99999999,-99999999,-99999999,-99999999,-99999999,-99999999,-99999999,-99999999,-99999999,-99999999,-99999999,0.00911168,-99999999,-99999999,-99999999,-99999999,-99999999,-99999999,-99999999,-99999999
1974.75,0.00255,73.1,3.7,0.005829544,-99999999,2.8,-99999999,-99999999,-99999999,-99999999,-99999999,-99999999,-99999999,-99999999,-99999999,-99999999,-99999999,-99999999,-99999999,-99999999,-99999999,-99999999,-99999999,-99999999,-99999999,-0.002270149,-99999999,-99999999,-99999999,-99999999,-99999999,-99999999,-99999999,-99999999
1975,0.0076,72.9,4,0.001925921,-99999999,2.9,-99999999,-99999999,-99999999,-99999999,-99999999,-99999999,-99999999,-99999999,-99999999,-99999999,-99999999,-99999999,-99999999,-99999999,-99999999,-99999999,-99999999,-99999999,-99999999,0.037908664,-99999999,-99999999,-99999999,-99999999,-99999999,-99999999,-99999999,-99999999
1975.25,0.01401,72.7,4.3,0.011379546,-99999999,3.4,-99999999,-99999999,-99999999,-99999999,-99999999,-99999999,-99999999,-99999999,-99999999,-99999999,-99999999,-99999999,-99999999,-99999999,-99999999,-99999999,-99999999,-99999999,-99999999,0.0428331,-99999999,-99999999,-99999999,-99999999,-99999999,-99999999,-99999999,-99999999
1975.5,0.00998,72.6,4.7,0.012909916,-99999999,3.9,-99999999,-99999999,-99999999,-99999999,-99999999,-99999999,-99999999,-99999999,-99999999,-99999999,-99999999,-99999999,-99999999,-99999999,-99999999,-99999999,-99999999,-99999999,-99999999,0.074706775,-99999999,-99999999,-99999999,-99999999,-99999999,-99999999,-99999999,-99999999
1975.75,0.0121,72.3,5,0.004519234,-99999999,4.2,-99999999,-99999999,-99999999,-99999999,-99999999,-99999999,-99999999,-99999999,-99999999,-99999999,-99999999,-99999999,-99999999,-99999999,-99999999,-99999999,-99999999,-99999999,-99999999,0.017358199,-99999999,-99999999,-99999999,-99999999,-99999999,-99999999,-99999999,-99999999
1976,0.00878,72.1,5.3,0.008899789,-99999999,4.5,-99999999,-99999999,-99999999,-99999999,-99999999,-99999999,-99999999,-99999999,-99999999,-99999999,-99999999,-99999999,-99999999,-99999999,-99999999,-99999999,-99999999,-99999999,-99999999,0.055776537,-99999999,-99999999,-99999999,-99999999,-99999999,-99999999,-99999999,-99999999
1976.25,0.00822,72,5.4,0.011303598,-99999999,4.8,-99999999,-99999999,-99999999,-99999999,-99999999,-99999999,-99999999,-99999999,-99999999,-99999999,-99999999,-99999999,-99999999,-99999999,-99999999,-99999999,-99999999,-99999999,-99999999,0.057961788,-99999999,-99999999,-99999999,-99999999,-99999999,-99999999,-99999999,-99999999
1976.5,0.00951,71.9,5.5,0.010179243,-99999999,5,-99999999,-99999999,-99999999,-99999999,-99999999,-99999999,-99999999,-99999999,-99999999,-99999999,-99999999,-99999999,-99999999,-99999999,-99999999,-99999999,-99999999,-99999999,-99999999,0.035209002,-99999999,-99999999,-99999999,-99999999,-99999999,-99999999,-99999999,-99999999
1976.75,0.00756,71.8,5.5,0.006655984,-99999999,5.2,-99999999,-99999999,-99999999,-99999999,-99999999,-99999999,-99999999,-99999999,-99999999,-99999999,-99999999,-99999999,-99999999,-99999999,-99999999,-99999999,-99999999,-99999999,-99999999,0.001646091,-99999999,-99999999,-99999999,-99999999,-99999999,-99999999,-99999999,-99999999
1977,0.00706,71.8,5.5,0.003290125,-99999999,5.3,-99999999,-99999999,-99999999,-99999999,-99999999,-99999999,-99999999,-99999999,-99999999,-99999999,-99999999,-99999999,-99999999,-99999999,-99999999,-99999999,-99999999,-99999999,-99999999,0.013072081,-99999999,-99999999,-99999999,-99999999,-99999999,-99999999,-99999999,-99999999
1977.25,0.00969,71.6,5.5,0.006506406,-99999999,5.6,-99999999,-99999999,-99999999,-99999999,-99999999,-99999999,-99999999,-99999999,-99999999,-99999999,-99999999,-99999999,-99999999,-99999999,-99999999,-99999999,-99999999,-99999999,-99999999,0.017699577,-99999999,-99999999,-99999999,-99999999,-99999999,-99999999,-99999999,-99999999
1977.5,0.00951,71.6,5.7,0.012727489,-99999999,5.7,-99999999,-99999999,-99999999,-99999999,-99999999,-99999999,-99999999,-99999999,-99999999,-99999999,-99999999,-99999999,-99999999,-99999999,-99999999,-99999999,-99999999,-99999999,-99999999,0.046737478,-99999999,-99999999,-99999999,-99999999,-99999999,-99999999,-99999999,-99999999
1977.75,0.00599,71.5,5.7,0.013126343,-99999999,5.8,-99999999,-99999999,-99999999,-99999999,-99999999,-99999999,-99999999,-99999999,-99999999,-99999999,-99999999,-99999999,-99999999,-99999999,-99999999,-99999999,-99999999,-99999999,-99999999,0.024061311,-99999999,-99999999,-99999999,-99999999,-99999999,-99999999,-99999999,-99999999
1978,0.02157,71.5,5.6,0.009776739,-99999999,5.7,-99999999,-99999999,-99999999,-99999999,-99999999,-99999999,-99999999,-99999999,-99999999,-99999999,-99999999,-99999999,-99999999,-99999999,-99999999,-99999999,-99999999,-99999999,-99999999,-0.008955284,-99999999,-99999999,-99999999,-99999999,-99999999,-99999999,-99999999,-99999999
1978.25,0.02058,71.5,5.6,0.020338575,-99999999,5.5,-99999999,-99999999,-99999999,-99999999,-99999999,-99999999,-99999999,-99999999,-99999999,-99999999,-99999999,-99999999,-99999999,-99999999,-99999999,-99999999,-99999999,-99999999,-99999999,0.051143358,-99999999,-99999999,-99999999,-99999999,-99999999,-99999999,-99999999,-99999999
1978.5,0.04063,71.5,5.5,0.029489878,-99999999,5.5,-99999999,-99999999,-99999999,-99999999,-99999999,-99999999,-99999999,-99999999,-99999999,-99999999,-99999999,-99999999,-99999999,-99999999,-99999999,-99999999,-99999999,-99999999,-99999999,0.066139803,-99999999,-99999999,-99999999,-99999999,-99999999,-99999999,-99999999,-99999999
1978.75,0.02417,71.7,5.4,0.029476718,-99999999,5.4,-99999999,-99999999,-99999999,-99999999,-99999999,-99999999,-99999999,-99999999,-99999999,-99999999,-99999999,-99999999,-99999999,-99999999,-99999999,-99999999,-99999999,-99999999,-99999999,0.048155042,-99999999,-99999999,-99999999,-99999999,-99999999,-99999999,-99999999,-99999999
1979,0.02436,71.8,5.4,0.022338344,-99999999,5.5,-99999999,-99999999,-99999999,-99999999,-99999999,-99999999,-99999999,-99999999,-99999999,-99999999,-99999999,-99999999,-99999999,-99999999,-99999999,-99999999,-99999999,-99999999,-99999999,0.02509542,-99999999,-99999999,-99999999,-99999999,-99999999,-99999999,-99999999,-99999999
1979.25,0.03021,71.7,5.3,0.032310767,-99999999,5.3,-99999999,-99999999,-99999999,-99999999,-99999999,-99999999,-99999999,-99999999,-99999999,-99999999,-99999999,-99999999,-99999999,-99999999,-99999999,-99999999,-99999999,-99999999,-99999999,0.041267992,-99999999,-99999999,-99999999,-99999999,-99999999,-99999999,-99999999,-99999999
1979.5,0.03099,71.8,5.4,0.032106636,-99999999,5.4,-99999999,-99999999,-99999999,-99999999,-99999999,-99999999,-99999999,-99999999,-99999999,-99999999,-99999999,-99999999,-99999999,-99999999,-99999999,-99999999,-99999999,-99999999,-99999999,0.086515813,-99999999,-99999999,-99999999,-99999999,-99999999,-99999999,-99999999,-99999999
1979.75,0.03031,71.7,5.5,0.027997013,-99999999,5.4,-99999999,-99999999,-99999999,-99999999,-99999999,-99999999,-99999999,-99999999,-99999999,-99999999,-99999999,-99999999,-99999999,-99999999,-99999999,-99999999,-99999999,-99999999,-99999999,-0.002183407,-99999999,-99999999,-99999999,-99999999,-99999999,-99999999,-99999999,-99999999
1980,0.01383,71.5,5.8,0.016795435,-99999999,5.8,-99999999,-99999999,-99999999,-99999999,-99999999,-99999999,-99999999,-99999999,-99999999,-99999999,-99999999,-99999999,-99999999,-99999999,-99999999,-99999999,-99999999,-99999999,-99999999,0.046967009,-99999999,-99999999,-99999999,-99999999,-99999999,-99999999,-99999999,-99999999
1980.25,0.01266,71.2,6.3,0.01705094,-99999999,6.3,-99999999,-0.025807264,0.059314001,0.043208943,-99999999,-99999999,-99999999,-99999999,-99999999,-99999999,-99999999,-99999999,-99999999,-99999999,-99999999,-99999999,-99999999,-99999999,-99999999,0.00830742,-99999999,-99999999,-99999999,-99999999,-99999999,-99999999,-99999999,-99999999
1980.5,0.00519,70.7,7.1,0.017253291,-99999999,7.1,-99999999,-0.018098222,-0.023737847,0.006915663,-99999999,-99999999,-99999999,-99999999,-99999999,-99999999,-99999999,-99999999,-99999999,-99999999,-99999999,-99999999,-99999999,-99999999,-99999999,0.068923928,-99999999,-99999999,-99999999,-99999999,-99999999,-99999999,-99999999,-99999999
1980.75,-0.00241,69.9,8,0.000844931,-99999999,8,-99999999,-0.048848568,-0.039833977,-0.043249088,-99999999,-99999999,-99999999,-99999999,-99999999,-99999999,-99999999,-99999999,-99999999,-99999999,-99999999,-99999999,-99999999,-99999999,-99999999,-0.015564516,-99999999,-99999999,-99999999,-99999999,-99999999,-99999999,-99999999,-99999999
1981,0.00427,69.3,8.9,0.00084329,-99999999,8.7,-99999999,-0.055047566,-0.021938729,-0.024155335,-99999999,-99999999,-99999999,-99999999,-99999999,-99999999,-99999999,-99999999,-99999999,-99999999,-99999999,-99999999,-99999999,-99999999,-99999999,0.028034702,-99999999,-99999999,-99999999,-99999999,-99999999,-99999999,-99999999,-99999999
1981.25,0.00668,68.7,9.6,0.011637295,-99999999,9.4,-99999999,0.070287533,-0.007948095,-0.002410521,-99999999,-99999999,-99999999,-99999999,-99999999,-99999999,-99999999,-99999999,-99999999,-99999999,-99999999,-99999999,-99999999,-99999999,-99999999,0.049289381,-99999999,-99999999,-99999999,-99999999,-99999999,-99999999,-99999999,-99999999
1981.5,0.00162,68.2,9.9,0.006916311,-99999999,9.9,-99999999,-0.005020801,-0.003451365,0.015045434,-99999999,-99999999,-99999999,-99999999,-99999999,-99999999,-99999999,-99999999,-99999999,-99999999,-99999999,-99999999,-99999999,-99999999,-99999999,0.009932362,-99999999,-99999999,-99999999,-99999999,-99999999,-99999999,-99999999,-99999999
1981.75,-0.00706,67.7,10.2,-0.008559812,-99999999,10.3,-99999999,-0.026013432,-0.036111746,-0.03567108,-99999999,-99999999,-99999999,-99999999,-99999999,-99999999,-99999999,-99999999,-99999999,-99999999,-99999999,-99999999,-99999999,-99999999,-99999999,0.004482302,-99999999,-99999999,-99999999,-99999999,-99999999,-99999999,-99999999,-99999999
1982,0.00685,67.4,10.4,-0.010837085,-99999999,10.4,-99999999,-0.021994294,0.020830526,0.016578138,-99999999,-99999999,-99999999,-99999999,-99999999,-99999999,-99999999,-99999999,-99999999,-99999999,-99999999,-99999999,-99999999,-99999999,-99999999,-0.004482302,-99999999,-99999999,-99999999,-99999999,-99999999,-99999999,-99999999,-99999999
1982.25,0.00892,67.1,10.6,0.018588907,-99999999,10.6,-99999999,0.067751784,0.044319428,0.032126588,-99999999,-99999999,-99999999,-99999999,-99999999,-99999999,-99999999,-99999999,-99999999,-99999999,-99999999,-99999999,-99999999,-99999999,-99999999,0.043943801,-99999999,-99999999,-99999999,-99999999,-99999999,-99999999,-99999999,-99999999
1982.5,0.00508,66.6,10.8,0.010783037,-99999999,10.9,-99999999,0.054357662,0.00429998,0.01044745,-99999999,-99999999,-99999999,-99999999,-99999999,-99999999,-99999999,-99999999,-99999999,-99999999,-99999999,-99999999,-99999999,-99999999,-99999999,0.008561696,-99999999,-99999999,-99999999,-99999999,-99999999,-99999999,-99999999,-99999999
1982.75,0.0105,66.1,11.1,0.006265854,-99999999,11.3,-99999999,0.004237053,-0.011928938,-0.003702448,-99999999,-99999999,-99999999,-99999999,-99999999,-99999999,-99999999,-99999999,-99999999,-99999999,-99999999,-99999999,-99999999,-99999999,-99999999,0.031881895,-99999999,-99999999,-99999999,-99999999,-99999999,-99999999,-99999999,-99999999
1983,0.01218,65.7,11.3,0.012644667,-99999999,11.5,-99999999,0,-0.040294595,-0.003734283,-99999999,-99999999,-99999999,-99999999,-99999999,-99999999,-99999999,-99999999,-99999999,-99999999,-99999999,-99999999,-99999999,-99999999,-99999999,0.023664915,-99999999,-99999999,-99999999,-99999999,-99999999,-99999999,-99999999,-99999999
1983.25,0.01745,65.6,11.4,0.014849121,-99999999,11.7,-99999999,0,0.030284804,0.01402262,-99999999,-99999999,-99999999,-99999999,-99999999,-99999999,-99999999,-99999999,-99999999,-99999999,-99999999,-99999999,-99999999,-99999999,-99999999,0.070067563,-99999999,-99999999,-99999999,-99999999,-99999999,-99999999,-99999999,-99999999
1983.5,0.01234,65.9,11.5,0.017874724,-99999999,11.7,-99999999,0.047860616,0.034588977,0.035543513,-99999999,-99999999,-99999999,-99999999,-99999999,-99999999,-99999999,-99999999,-99999999,-99999999,-99999999,-99999999,-99999999,-99999999,-99999999,-0.022814678,-99999999,-99999999,-99999999,-99999999,-99999999,-99999999,-99999999,-99999999
1983.75,0.00685,66.3,11.7,0.003488328,-99999999,11.8,-99999999,0.053245512,0.006189575,0.003333052,-99999999,-99999999,-99999999,-99999999,-99999999,-99999999,-99999999,-99999999,-99999999,-99999999,-99999999,-99999999,-99999999,-99999999,-99999999,0.045120435,-99999999,-99999999,-99999999,-99999999,-99999999,-99999999,-99999999,-99999999
1984,0.01568,66.5,11.8,0.003460532,-99999999,11.9,-99999999,-0.027583522,-0.03407979,-0.016237199,-99999999,-99999999,-99999999,-99999999,-99999999,-99999999,-99999999,-99999999,-99999999,-99999999,-99999999,-99999999,-99999999,-99999999,-99999999,-0.029852963,-99999999,-99999999,-99999999,-99999999,-99999999,-99999999,-99999999,-99999999
1984.25,0.01662,66.7,11.9,0.013572807,-99999999,11.9,-99999999,-0.02566199,0.036123532,0.024785284,-99999999,-99999999,-99999999,-99999999,-99999999,-99999999,-99999999,-99999999,-99999999,-99999999,-99999999,-99999999,-99999999,-99999999,-99999999,0.044451763,-99999999,-99999999,-99999999,-99999999,-99999999,-99999999,-99999999,-99999999
1984.5,0.00589,66.8,11.7,0.016390416,-99999999,12,-99999999,0,0.012064511,0.019729589,-99999999,-99999999,-99999999,-99999999,-99999999,-99999999,-99999999,-99999999,-99999999,-99999999,-99999999,-99999999,-99999999,-99999999,-99999999,0.035590945,-99999999,-99999999,-99999999,-99999999,-99999999,-99999999,-99999999,-99999999
1984.75,0.01756,67.1,11.6,0.006386799,-99999999,12.1,-99999999,0,-0.014108254,-0.01455165,-99999999,-99999999,-99999999,-99999999,-99999999,-99999999,-99999999,-99999999,-99999999,-99999999,-99999999,-99999999,-99999999,-99999999,-99999999,-0.007017573,-99999999,-99999999,-99999999,-99999999,-99999999,-99999999,-99999999,-99999999
1985,0.00869,67.3,11.5,0,-99999999,12.1,-99999999,-0.015374862,-0.003083761,0.003843339,-99999999,-99999999,-99999999,-99999999,-99999999,-99999999,-99999999,-99999999,-99999999,-99999999,-99999999,-99999999,-99999999,-99999999,-99999999,-0.007067167,-99999999,-99999999,-99999999,-99999999,-99999999,-99999999,-99999999,-99999999
1985.25,0.01255,67.4,11.4,0.015567777,-99999999,12.3,-99999999,0.003895044,0.034682747,0.019942418,-99999999,-99999999,-99999999,-99999999,-99999999,-99999999,-99999999,-99999999,-99999999,-99999999,-99999999,-99999999,-99999999,-99999999,-99999999,0.048452383,-99999999,-99999999,-99999999,-99999999,-99999999,-99999999,-99999999,-99999999
1985.5,0.00664,67.5,11.3,0.009079658,-99999999,12.3,-99999999,0.011479818,-0.010604832,-0.001219929,-99999999,-99999999,-99999999,-99999999,-99999999,-99999999,-99999999,-99999999,-99999999,-99999999,-99999999,-99999999,-99999999,-99999999,-99999999,-0.006779687,-99999999,-99999999,-99999999,-99999999,-99999999,-99999999,-99999999,-99999999
1985.75,0.00912,67.5,11.3,0.014723257,-99999999,12.4,-99999999,-0.003792989,0.000974848,0.006065664,-99999999,-99999999,-99999999,-99999999,-99999999,-99999999,-99999999,-99999999,-99999999,-99999999,-99999999,-99999999,-99999999,-99999999,-99999999,0.020202707,-99999999,-99999999,-99999999,-99999999,-99999999,-99999999,-99999999,-99999999
1986,0.00257,67.6,11.3,0.008600172,-99999999,12.6,-99999999,-0.035715552,-0.034437643,-0.027346596,-99999999,-99999999,-99999999,-99999999,-99999999,-99999999,-99999999,-99999999,-99999999,-99999999,-99999999,-99999999,-99999999,-99999999,-99999999,0.006644543,-99999999,-99999999,-99999999,-99999999,-99999999,-99999999,-99999999,-99999999
1986.25,0.01635,67.6,11.3,0.019428552,-99999999,12.7,-99999999,0.079181246,0.076184276,0.047358283,-99999999,-99999999,-99999999,-99999999,-99999999,-99999999,-99999999,-99999999,-99999999,-99999999,-99999999,-99999999,-99999999,-99999999,-99999999,0.02614528,-99999999,-99999999,-99999999,-99999999,-99999999,-99999999,-99999999,-99999999
1986.5,0.01427,67.8,11.4,0.018596488,-99999999,12.9,-99999999,-0.014010714,-0.032116649,-0.005208124,-99999999,-99999999,-99999999,-99999999,-99999999,-99999999,-99999999,-99999999,-99999999,-99999999,-99999999,-99999999,-99999999,-99999999,-99999999,0,-99999999,-99999999,-99999999,-99999999,-99999999,-99999999,-99999999,-99999999
1986.75,0.01498,67.9,11.3,0.012811976,-99999999,13,-99999999,0.01744389,-0.025496387,-0.009415967,-99999999,-99999999,-99999999,-99999999,-99999999,-99999999,-99999999,-99999999,-99999999,-99999999,-99999999,-99999999,-99999999,-99999999,-99999999,0.019169916,-99999999,-99999999,-99999999,-99999999,-99999999,-99999999,-99999999,-99999999
1987,0.01391,68.1,11.1,0.012444819,-99999999,12.8,-99999999,-0.066377223,-0.043518854,-0.013289602,-99999999,-99999999,-99999999,-99999999,-99999999,-99999999,-99999999,-99999999,-99999999,-99999999,-99999999,-99999999,-99999999,-99999999,-99999999,0.018809332,-99999999,-99999999,-99999999,-99999999,-99999999,-99999999,-99999999,-99999999
1987.25,0.02181,68.5,10.7,0.019198462,-99999999,12.5,-99999999,0.052478613,0.060357922,0.029062622,-99999999,-99999999,-99999999,-99999999,-99999999,-99999999,-99999999,-99999999,-99999999,-99999999,-99999999,-99999999,-99999999,-99999999,-99999999,0.030583423,-99999999,-99999999,-99999999,-99999999,-99999999,-99999999,-99999999,-99999999
1987.5,0.01438,69.1,10.2,0.020630002,-99999999,11.9,-99999999,0.007004902,0.00865732,0.013555154,-99999999,-99999999,-99999999,-99999999,-99999999,-99999999,-99999999,-99999999,-99999999,-99999999,-99999999,-99999999,-99999999,-99999999,-99999999,-0.012121361,-99999999,-99999999,-99999999,-99999999,-99999999,-99999999,-99999999,-99999999
1987.75,-0.00077,69.7,9.7,0.024987471,-99999999,11.6,-99999999,0.020361283,0.033882077,0.025379303,-99999999,-99999999,-99999999,-99999999,-99999999,-99999999,-99999999,-99999999,-99999999,-99999999,-99999999,-99999999,-99999999,-99999999,-99999999,0.038945165,-99999999,-99999999,-99999999,-99999999,-99999999,-99999999,-99999999,-99999999
1988,0.00715,70.2,9.2,0.017850231,-99999999,11.1,-99999999,-0.034485925,-0.026328939,-0.006340178,-99999999,-99999999,-99999999,-99999999,-99999999,-99999999,-99999999,-99999999,-99999999,-99999999,-99999999,-99999999,-99999999,-99999999,-99999999,-0.04405999,-99999999,-99999999,-99999999,-99999999,-99999999,-99999999,-99999999,-99999999
1988.25,0.0355,70.7,8.7,0.025470819,-99999999,10.6,-99999999,0.02780434,0.055292635,0.028327996,-99999999,-99999999,-99999999,-99999999,-99999999,-99999999,-99999999,-99999999,-99999999,-99999999,-99999999,-99999999,-99999999,-99999999,-99999999,0.069593292,-99999999,-99999999,-99999999,-99999999,-99999999,-99999999,-99999999,-99999999
1988.5,0.04562,71.1,8.4,0.054195944,-99999999,10.3,-99999999,-0.020684599,0.034825493,0.027997559,-99999999,-99999999,-99999999,-99999999,-99999999,-99999999,-99999999,-99999999,-99999999,-99999999,-99999999,-99999999,-99999999,-99999999,-99999999,0.057158414,-99999999,-99999999,-99999999,-99999999,-99999999,-99999999,-99999999,-99999999
1988.75,0.02253,71.5,8,0.02590057,-99999999,9.9,-99999999,0.056222924,0.003786375,0.008334265,-99999999,-99999999,-99999999,-99999999,-99999999,-99999999,-99999999,-99999999,-99999999,-99999999,-99999999,-99999999,-99999999,-99999999,-99999999,0.031252543,-99999999,-99999999,-99999999,-99999999,-99999999,-99999999,-99999999,-99999999
1989,0.01703,72.1,7.6,0.009048129,-99999999,9.4,-99999999,0.021189299,-0.024823584,-0.011619058,-99999999,-99999999,-99999999,-99999999,-99999999,-99999999,-99999999,-99999999,-99999999,-99999999,-99999999,-99999999,-99999999,-99999999,-99999999,0.015267472,-99999999,-99999999,-99999999,-99999999,-99999999,-99999999,-99999999,-99999999
1989.25,0.01933,72.4,7.2,0.015394328,-99999999,8.8,-99999999,-0.002964479,0.051861575,0.03309216,-99999999,-99999999,-99999999,-99999999,-99999999,-99999999,-99999999,-99999999,-99999999,-99999999,-99999999,-99999999,-99999999,-99999999,-99999999,0.0588405,-99999999,-99999999,-99999999,-99999999,-99999999,-99999999,-99999999,-99999999
1989.5,0.00374,72.6,7.1,0.014867277,-99999999,8.5,-99999999,0.017490732,0.037965643,0.023366218,-99999999,-99999999,-99999999,-99999999,-99999999,-99999999,-99999999,-99999999,-99999999,-99999999,-99999999,-99999999,-99999999,-99999999,-99999999,0.03509132,-99999999,-99999999,-99999999,-99999999,-99999999,-99999999,-99999999,-99999999
1989.75,-0.00899,72.8,7,-0.008433168,-99999999,8.1,-99999999,0.00848811,0.004520578,0.004935218,-99999999,-99999999,-99999999,-99999999,-99999999,-99999999,-99999999,-99999999,-99999999,-99999999,-99999999,-99999999,-99999999,-99999999,-99999999,0.066691375,-99999999,-99999999,-99999999,-99999999,-99999999,-99999999,-99999999,-99999999
1990,-0.01369,72.8,6.9,-0.009467027,-99999999,7.9,-99999999,0.060088304,0.026177748,0.02772191,-99999999,-99999999,-99999999,-99999999,-99999999,-99999999,-99999999,-99999999,-99999999,-99999999,-99999999,-99999999,-99999999,-99999999,-99999999,-0.023317132,-99999999,-99999999,-99999999,-99999999,-99999999,-99999999,-99999999,-99999999
1990.25,-0.00443,72.8,6.9,-0.003922405,-99999999,7.6,-99999999,0.035137307,0.012519994,0.001914038,-99999999,-99999999,-99999999,-99999999,-99999999,-99999999,-99999999,-99999999,-99999999,-99999999,-99999999,-99999999,-99999999,-99999999,-99999999,0.031285138,-99999999,-99999999,-99999999,-99999999,-99999999,-99999999,-99999999,-99999999
1990.5,-0.01298,72.7,7.1,0.007809702,-99999999,7.6,-99999999,-0.018385581,0.019535056,0.015384826,-99999999,-99999999,-99999999,-99999999,-99999999,-99999999,-99999999,-99999999,-99999999,-99999999,-99999999,-99999999,-99999999,-99999999,-99999999,0.034312145,-99999999,-99999999,-99999999,-99999999,-99999999,-99999999,-99999999,-99999999
1990.75,-0.01802,72.3,7.5,-0.006498293,-99999999,7.8,-99999999,0.079181246,-0.015440666,-0.008563306,-99999999,-99999999,-99999999,-99999999,-99999999,-99999999,-99999999,-99999999,-99999999,-99999999,-99999999,-99999999,-99999999,-99999999,-99999999,0.043675063,-99999999,-99999999,-99999999,-99999999,-99999999,-99999999,-99999999,-99999999
1991,-0.00295,71.7,8,-0.006154073,-99999999,8,-99999999,-0.086281586,-0.020258834,-0.015696793,-99999999,-99999999,-99999999,-99999999,-99999999,-99999999,-99999999,-99999999,-99999999,-99999999,-99999999,-99999999,-99999999,-99999999,-99999999,0.057211172,-99999999,-99999999,-99999999,-99999999,-99999999,-99999999,-99999999,-99999999
1991.25,0.00688,71,8.7,-0.001774444,-99999999,8.3,-99999999,0.084320886,0.053315887,0.023891272,-99999999,-99999999,-99999999,-99999999,-99999999,-99999999,-99999999,-99999999,-99999999,-99999999,-99999999,-99999999,-99999999,-99999999,-99999999,-0.051529338,-99999999,-99999999,-99999999,-99999999,-99999999,-99999999,-99999999,-99999999
1991.5,-0.00406,70.3,9.2,0.008364775,-99999999,8.5,-99999999,-0.074879329,-0.045457874,-0.020783606,-99999999,-99999999,-99999999,-99999999,-99999999,-99999999,-99999999,-99999999,-99999999,-99999999,-99999999,-99999999,-99999999,-99999999,-99999999,-0.006631952,-99999999,-99999999,-99999999,-99999999,-99999999,-99999999,-99999999,-99999999
1991.75,-0.01015,69.8,9.5,-0.003942186,-99999999,8.6,-99999999,-0.065392962,-0.014000894,-0.011372695,-99999999,-99999999,-99999999,-99999999,-99999999,-99999999,-99999999,-99999999,-99999999,-99999999,-99999999,-99999999,-99999999,-99999999,-99999999,0.044617066,-99999999,-99999999,-99999999,-99999999,-99999999,-99999999,-99999999,-99999999
1992,-0.01189,69.4,9.7,-0.007097923,-99999999,8.7,-99999999,0.023766722,0.018766863,0.015226265,-99999999,-99999999,-99999999,-99999999,-99999999,-99999999,-99999999,-99999999,-99999999,-99999999,-99999999,-99999999,-99999999,-99999999,-99999999,0.019802627,-99999999,-99999999,-99999999,-99999999,-99999999,-99999999,-99999999,-99999999
1992.25,0.00395,69.1,9.8,-0.010410893,-99999999,8.8,-99999999,0.022533298,0.028102778,0.008359382,9.5,68.7,-99999999,-99999999,-99999999,-99999999,-99999999,-99999999,-99999999,-99999999,-99999999,-99999999,-99999999,-99999999,-99999999,0.001780944,-99999999,-99999999,-99999999,-99999999,-99999999,-99999999,-99999999,-99999999
1992.5,-0.00348,68.9,9.9,0.001279219,-99999999,9,-99999999,0.019092942,0.016349276,0.027346074,10.2,68,-99999999,-99999999,-99999999,-99999999,-99999999,-99999999,-99999999,-99999999,-99999999,-99999999,-99999999,-99999999,-99999999,0.018386626,-99999999,-99999999,-99999999,-99999999,-99999999,-99999999,-99999999,-99999999
1992.75,-0.0176,68.5,10.4,-0.016931164,-99999999,9.3,-99999999,-0.052029,-0.03046015,-0.022853332,10.8,66.9,-99999999,-99999999,-99999999,-99999999,-99999999,-99999999,-99999999,-99999999,-99999999,-99999999,-99999999,-99999999,-99999999,0.011072081,-99999999,-99999999,-99999999,-99999999,-99999999,-99999999,-99999999,-99999999
1993,-0.00034,68.4,10.6,0.002207908,-99999999,9.2,-99999999,0.007825338,0.001145896,0.004815255,10.4,66.9,-99999999,-99999999,-99999999,-99999999,-99999999,-99999999,-99999999,-99999999,-99999999,-99999999,-99999999,-99999999,-99999999,-0.053455685,-99999999,-99999999,-99999999,-99999999,-99999999,-99999999,-99999999,-99999999
1993.25,0.01524,68.4,10.4,0.00350947,-99999999,9.2,-99999999,0.062492448,0.048154076,0.023306575,10.2,66.9,-99999999,-99999999,-99999999,-99999999,-99999999,-99999999,-99999999,-99999999,-99999999,-99999999,-99999999,-99999999,-99999999,0.079148798,-99999999,-99999999,-99999999,-99999999,-99999999,-99999999,-99999999,-99999999
1993.5,-0.00144,68.5,10.2,0.009079658,-99999999,9.1,-99999999,0.034417565,-0.013524035,-0.00280191,9.9,67,-99999999,-99999999,-99999999,-99999999,-99999999,-99999999,-99999999,-99999999,-99999999,-99999999,-99999999,-99999999,-99999999,0.001949318,-99999999,-99999999,-99999999,-99999999,-99999999,-99999999,-99999999,-99999999
1993.75,-0.00588,68.5,10.3,-0.008206704,-99999999,8.9,-99999999,0.022172979,-0.035202612,-0.015378027,10,67.4,-99999999,-99999999,-99999999,-99999999,-99999999,-99999999,-99999999,-99999999,-99999999,-99999999,-99999999,-99999999,-99999999,-0.047865567,-99999999,-99999999,-99999999,-99999999,-99999999,-99999999,-99999999,-99999999
1994,0.00235,68.7,9.9,0.004770132,-99999999,9,-99999999,0.028519729,0.00682152,0.019574142,10.1,68,-99999999,-99999999,-99999999,-99999999,-99999999,-99999999,-99999999,-99999999,-99999999,-99999999,-99999999,-99999999,-99999999,-0.003069056,-99999999,-99999999,-99999999,-99999999,-99999999,-99999999,-99999999,-99999999
1994.25,0.0003,68.8,9.7,0.005996271,-99999999,8.8,-99999999,0.03702112,0.005603878,-0.013788284,10,68,-99999999,-99999999,-99999999,-99999999,-99999999,-99999999,-99999999,-99999999,-99999999,-99999999,-99999999,-99999999,-99999999,0.039181305,-99999999,-99999999,-99999999,-99999999,-99999999,-99999999,-99999999,-99999999
1994.5,0.00311,69,9.4,0.007171611,-99999999,8.5,-99999999,-0.033356166,-0.015299626,-0.00433215,9.3,68.5,-99999999,-99999999,-99999999,-99999999,-99999999,-99999999,-99999999,-99999999,-99999999,-99999999,-99999999,-99999999,-99999999,0.022407172,-99999999,-99999999,-99999999,-99999999,-99999999,-99999999,-99999999,-99999999
1994.75,0.0032,69.1,9,-0.002938688,-99999999,8.1,-99999999,-0.040117223,-0.01705641,-0.003643431,8.8,68.3,-99999999,-99999999,-99999999,-99999999,-99999999,-99999999,-99999999,-99999999,-99999999,-99999999,-99999999,-99999999,-99999999,-0.025367214,-99999999,-99999999,-99999999,-99999999,-99999999,-99999999,-99999999,-99999999
1995,-0.00867,69.2,8.9,-0.003807769,-99999999,7.7,-99999999,-0.00604596,0.018783229,0.022459294,8.5,68.8,-99999999,-99999999,-99999999,-99999999,-99999999,-99999999,-99999999,-99999999,-99999999,-99999999,-99999999,-99999999,-99999999,-0.042387778,-99999999,-99999999,-99999999,-99999999,-99999999,-99999999,-99999999,-99999999
1995.25,0.00464,69.4,8.7,0.004649426,-99999999,7.4,-99999999,0.040654089,0.058494312,0.029870564,8.7,68.6,-99999999,-99999999,-99999999,-99999999,-99999999,-99999999,-99999999,-99999999,-99999999,-99999999,-99999999,-99999999,-99999999,0.016360283,-99999999,-99999999,-99999999,-99999999,-99999999,-99999999,-99999999,-99999999
1995.5,-0.00252,69.6,8.6,0.003767397,-99999999,7.3,-99999999,-0.030623747,0.014806928,0.012153363,9.1,68.5,-99999999,-99999999,-99999999,-99999999,-99999999,-99999999,-99999999,-99999999,-99999999,-99999999,-99999999,-99999999,-99999999,6.86E-02,-99999999,-99999999,-99999999,-99999999,-99999999,-99999999,-99999999,-99999999
1995.75,-0.00343,69.9,8.3,-0.005874604,-99999999,7.4,-99999999,-0.008005655,0.005305162,0.006262466,9.1,68.2,-99999999,-99999999,-99999999,-99999999,-99999999,-99999999,-99999999,-99999999,-99999999,-99999999,-99999999,-99999999,-99999999,-0.019121041,-99999999,-99999999,-99999999,-99999999,-99999999,-99999999,-99999999,-99999999
1996,0.00371,69.9,8.2,0.006291194,-99999999,7.4,-99999999,0.002015291,-0.017608945,-0.012616558,8.9,67.7,-99999999,-99999999,-99999999,-99999999,-99999999,-99999999,-99999999,-99999999,-99999999,-99999999,-99999999,-99999999,-99999999,0.042519395,-99999999,-99999999,-99999999,-99999999,-99999999,-99999999,-99999999,-99999999
1996.25,0.01385,69.9,8.3,0.00041619,-99999999,7.4,-99999999,0.04394415,0.01952214,0.009183383,8.5,68.1,-99999999,0.001758992,-99999999,-99999999,-99999999,-99999999,-99999999,-99999999,-99999999,-99999999,-99999999,-99999999,-99999999,-0.062013189,-99999999,-99999999,-99999999,-99999999,-99999999,-99999999,-99999999,-99999999
1996.5,0.00792,70,8.1,0.01672924,-99999999,7.2,-99999999,-0.030093038,-0.008676538,-0.001884144,8.5,67.9,-99999999,0.002101429,-99999999,-99999999,-99999999,-99999999,-99999999,-99999999,-99999999,-99999999,-99999999,-99999999,-99999999,4.05E-02,-99999999,-99999999,-99999999,-99999999,-99999999,-99999999,-99999999,-99999999
1996.75,0.00924,70.3,7.8,0.007539335,-99999999,6.8,-99999999,0.04439209,0.015776878,0.008106234,8.8,67.9,-99999999,-0.002628379,-99999999,-99999999,-99999999,-99999999,-99999999,-99999999,-99999999,-99999999,-99999999,-99999999,-99999999,6.59E-03,-99999999,-99999999,-99999999,-99999999,-99999999,-99999999,-99999999,-99999999
1997,0.00502,70.8,7.3,0.005861013,-99999999,6.3,-99999999,-0.04830468,-0.002353905,0.004914276,8.5,68.1,-99999999,-0.001232042,-99999999,-99999999,-99999999,-99999999,-99999999,-99999999,-99999999,-99999999,-99999999,-99999999,-99999999,-1.90E-02,-99999999,-99999999,-99999999,-99999999,-99999999,-99999999,-99999999,-99999999
1997.25,0.01972,71,7.2,0.008836017,-99999999,5.9,-99999999,0.060441443,0.031847367,0.013530517,8.6,68.5,-99999999,0.0019345,-99999999,-99999999,-99999999,-99999999,-99999999,-99999999,-99999999,-99999999,-99999999,-99999999,-99999999,0.056733018,-1.00E+08,-99999999,-99999999,-99999999,-99999999,-99999999,-99999999,-99999999
1997.5,0.01714,71.1,6.8,0.021515142,-99999999,5.7,-99999999,-0.041221737,-0.018826857,-0.013836036,8.1,68.8,-99999999,0.000876478,-99999999,-99999999,-99999999,-99999999,-99999999,-99999999,-99999999,-99999999,-99999999,-99999999,-99999999,0.026763417,-99999999,-99999999,-99999999,-99999999,-99999999,-99999999,-99999999,-99999999
1997.75,0.00762,71.2,6.5,-0.003269485,-99999999,5.4,-99999999,0.054689311,0.00591505,0.012353295,7.3,69.5,-99999999,0.000525039,-99999999,-99999999,-99999999,-99999999,-99999999,-99999999,-99999999,-99999999,-99999999,-99999999,-99999999,0.001759015,-99999999,-99999999,-99999999,-99999999,-99999999,-99999999,-99999999,-99999999
1998,0.00747,71.3,6.4,0.010803903,-99999999,5.2,-99999999,-0.045389288,-0.043204135,-0.024753694,7.6,69.5,-99999999,0.00209383,-99999999,-99999999,-99999999,-99999999,-99999999,-99999999,-99999999,-99999999,-99999999,-99999999,-99999999,-0.019521471,-99999999,-99999999,-99999999,-99999999,-99999999,-99999999,-99999999,-99999999
1998.25,0.01572,71.3,6.3,0.022525305,-99999999,5.2,-99999999,0.026761719,0.040484119,0.011788717,7.4,69.3,-99999999,-0.002794023,-99999999,-99999999,-99999999,-99999999,-99999999,0.00112546,-0.000796825,-99999999,-99999999,-99999999,-99999999,0.036079584,-99999999,-99999999,-99999999,-99999999,-99999999,-99999999,-99999999,-99999999
1998.5,0.00756,71.6,6.2,0.018511547,-99999999,5.2,-99999999,-0.01946248,0.019562117,0.024976585,7.6,68.6,-99999999,0.000350238,-99999999,-99999999,-99999999,-99999999,-99999999,-0.001304855,-0.000423909,-99999999,-99999999,-99999999,-99999999,0.048090244,-99999999,-99999999,-99999999,-99999999,-99999999,-99999999,-99999999,-99999999
1998.75,-0.00035,71.8,6.1,-0.001946058,-99999999,5.2,-99999999,0.010723865,0.015794267,0.010843658,7.7,69.1,-99999999,-0.002809841,-99999999,-99999999,-99999999,-99999999,-99999999,0.001008836,-0.0073466,-99999999,-99999999,-99999999,-99999999,-0.03948434,-99999999,-99999999,-99999999,-99999999,-99999999,-99999999,-99999999,-99999999
1999,0.00756,71.9,6.2,0.002592811,-99999999,5.2,-99999999,-0.029207271,-0.046876807,-0.041054625,7.4,69.2,-99999999,-0.000881817,-99999999,-99999999,-99999999,-99999999,-99999999,0.000919748,0.004643825,-99999999,-99999999,-99999999,-99999999,-0.037542602,-99999999,-99999999,-99999999,-99999999,-99999999,-99999999,-99999999,-99999999
1999.25,0.016,71.9,6,0.018038867,-99999999,5.1,-99999999,0.018483406,0.045196749,0.027311794,7.1,69.3,-99999999,0.000176507,-99999999,-99999999,-99999999,-99999999,-99999999,-0.000201316,-0.000980151,-99999999,-99999999,-99999999,-99999999,0.052004785,-99999999,-1.00E+08,-99999999,-99999999,-99999999,-99999999,-99999999,-99999999
1999.5,0.01435,72.1,5.9,0.024703016,-99999999,4.9,-99999999,0.010723865,0.020145997,0.023771886,6.9,69.7,-99999999,0.001761132,-99999999,-99999999,-99999999,-99999999,-99999999,0.001958571,0.005972096,-99999999,-99999999,-99999999,-99999999,0.052643734,-99999999,-99999999,-99999999,-99999999,-99999999,-99999999,-99999999,-99999999
1999.75,0.01345,72.3,5.8,0.010988063,-99999999,4.7,-99999999,0.049973975,0.024979793,0.02592376,7.1,69.5,-99999999,0.001929032,-99999999,-99999999,-99999999,-99999999,-99999999,0.004698734,0.00850284,-99999999,-99999999,-99999999,-99999999,0,-99999999,-99999999,-99999999,-99999999,-99999999,-99999999,-99999999,-99999999
2000,0.01745,72.3,5.8,0.010995384,-99999999,4.7,-99999999,0.058778001,0.033212984,0.040826276,7.5,69.8,-99999999,-0.001226574,-99999999,-99999999,-99999999,-99999999,-99999999,0.004319057,0.00317633,-99999999,-99999999,-99999999,-99999999,-0.004819286,-99999999,-99999999,-99999999,-99999999,-99999999,-99999999,-99999999,-99999999
2000.25,0.01916,72.5,5.5,0.023041304,-99999999,4.5,-99999999,0.005462896,-0.011752843,-0.044473641,7,70.4,-99999999,-0.000702458,-99999999,-99999999,-99999999,-99999999,-99999999,-0.000104276,0.006783555,-99999999,-99999999,-99999999,-99999999,-0.004842624,-99999999,-99999999,-99999999,-99999999,-99999999,-99999999,-99999999,-99999999
2000.5,-0.00143,72.6,5.3,0.008108112,-99999999,4.3,-99999999,-0.016599262,0.023538094,0.023673828,6.6,71.1,-99999999,0.005588104,-99999999,-99999999,-99999999,-99999999,-99999999,0.000353272,0.003600193,-99999999,-99999999,-99999999,-99999999,0.006451635,-99999999,-99999999,-99999999,-99999999,-99999999,-99999999,-99999999,-99999999
2000.75,0.0037,72.5,5.2,0.012766777,-99999999,4.3,-99999999,0.013876403,-0.009332592,0.020090761,6.3,71.6,-99999999,0.006030768,-99999999,-99999999,-99999999,-99999999,-99999999,-0.001656537,0.004365277,-99999999,-99999999,-99999999,-99999999,-0.001609011,-99999999,-99999999,-99999999,-99999999,-99999999,-99999999,-99999999,-99999999
2001,0.01232,72.6,5.1,-0.002270496,-99999999,4,-99999999,-0.040029122,-0.049931368,-0.002609808,6,71.5,-99999999,0.003748348,-99999999,-99999999,-99999999,-99999999,-99999999,0.0013123,0.008280457,-99999999,-99999999,-99999999,-99999999,0.04717856,-99999999,-99999999,-99999999,-99999999,-99999999,-99999999,-99999999,-99999999
2001.25,0.01853,72.7,5,0.015405653,-99999999,3.8,-99999999,0.069080919,0.024758252,-0.011086921,6.2,71.5,-99999999,0.006231984,-99999999,-99999999,-99999999,-99999999,-99999999,0.000323801,0.004195233,-99999999,-99999999,-99999999,-99999999,-0.025672355,-99999999,-99999999,-99999999,-99999999,-99999999,-99999999,-99999999,-99999999
2001.5,0.01658,72.5,5.1,0.015349387,-99999999,3.8,-99999999,0.008850558,-0.004091884,-0.021262542,6.7,71.1,-99999999,-0.001339899,-99999999,-99999999,-99999999,-99999999,-99999999,0.004550357,0.003615376,-99999999,-99999999,-99999999,-99999999,0.027973852,-99999999,-99999999,-99999999,-99999999,-99999999,-99999999,-99999999,-99999999
2001.75,0.00702,72.6,5.2,-0.008807589,-99999999,3.9,-99999999,-0.007575096,0.004831739,0.012633075,6.7,70.9,-99999999,0.001507096,-99999999,-99999999,-99999999,-99999999,-99999999,0.006492479,0.006632284,-99999999,-99999999,-99999999,-99999999,0.007633625,-99999999,-99999999,-99999999,-99999999,-99999999,-99999999,-99999999,-99999999
2002,0.01305,72.5,5.2,0.02890144,-99999999,3.8,-99999999,0.007575096,-0.016959423,-0.01007689,6.6,70.7,-99999999,-0.001339383,-99999999,-99999999,-99999999,-99999999,-99999999,-0.000928255,0.002981514,-99999999,-99999999,-99999999,-99999999,0.059327964,-99999999,-99999999,-99999999,-99999999,-99999999,-99999999,-99999999,-99999999
2002.25,0.0356,72.7,5.2,0.034277673,-99999999,3.8,-99999999,0.025518344,0.020639907,0.006827477,6.3,71.3,-99999999,-0.000167714,-99999999,-99999999,-99999999,-99999999,-99999999,0.001992792,0.004597605,-99999999,-99999999,-99999999,-99999999,0.080412818,-99999999,-99999999,-99999999,-99999999,-99999999,-99999999,-99999999,-99999999
2002.5,0.02971,72.6,5.3,0.023399454,-99999999,3.7,-99999999,0.007023784,0.013708107,0.032381768,6.4,71.6,-99999999,0.001339899,-99999999,-99999999,-99999999,-99999999,-99999999,0.005239144,0.009179674,-99999999,-99999999,-99999999,-99999999,0.026294241,-99999999,-99999999,-99999999,-99999999,-99999999,-99999999,-99999999,-99999999
2002.75,0.01958,72.9,5.1,0.021853652,-99999999,3.7,-99999999,0.034583421,0.021814512,0.003709959,6.1,72.4,-99999999,-0.000669433,-99999999,-99999999,-99999999,-99999999,-99999999,0.000901766,0.003292459,-99999999,-99999999,-99999999,-99999999,0.034016885,-99999999,-99999999,-99999999,-99999999,-99999999,-99999999,-99999999,-99999999
2003,0.01472,72.7,5.2,0.001395325,-99999999,3.7,-99999999,0.020933907,-0.007150443,0.002991179,5.9,72.3,-99999999,0.002338514,-99999999,-99999999,-99999999,-99999999,-99999999,0.001624251,0.00780153,-99999999,-99999999,-99999999,-99999999,-0.047077585,-99999999,-99999999,-99999999,-99999999,-99999999,-99999999,-99999999,-99999999
2003.25,0.01928,72.9,4.9,0.008279097,-99999999,3.7,-99999999,0.025787612,0.032086582,0.024950954,5.3,72.8,-99999999,0.000998379,-99999999,-99999999,-99999999,-99999999,-99999999,0.003220816,0.006539243,-99999999,-99999999,-99999999,-99999999,0.07429576,-99999999,-99999999,-99999999,-99999999,-99999999,-99999999,-99999999,-99999999
2003.5,0.01491,72.8,5,0.013788285,-99999999,3.7,-99999999,0.079020723,0.039591716,0.026456272,5.9,72.3,-99999999,0.001658881,-99999999,-99999999,-99999999,-99999999,-99999999,0.005275589,0.010777794,-99999999,-99999999,-99999999,-99999999,0.06000221,-99999999,-99999999,-99999999,-99999999,-99999999,-99999999,-99999999,-99999999
2003.75,0.01365,72.8,4.9,0.011111225,-99999999,3.6,-99999999,0.029481299,0.01824077,0.015801542,5.8,71.9,-99999999,0.003134523,-99999999,-99999999,-99999999,-99999999,-99999999,0.000358212,-0.0013402,-99999999,-99999999,-99999999,-99999999,0.056604834,-99999999,-99999999,-99999999,-99999999,-99999999,-99999999,-99999999,-99999999
2004,0.02004,73,4.8,-0.000645791,-99999999,3.5,-99999999,0.029713126,0.017505422,0.012392658,5.8,72.5,-99999999,-0.001977065,-99999999,-99999999,-99999999,-99999999,-99999999,0.007237182,0.008589173,-99999999,-99999999,-99999999,-99999999,0.055417583,-99999999,-99999999,-99999999,-99999999,-99999999,-99999999,-99999999,-99999999
2004.25,0.02479,72.9,4.8,0.032069262,-99999999,3.4,-99999999,0.010382036,0.008495028,-0.001529881,6,72.8,-99999999,-0.000661027,-99999999,-99999999,-99999999,-99999999,-99999999,0.001006962,0.007149282,-99999999,-99999999,-99999999,-99999999,0.128243047,-99999999,-99999999,-99999999,-99999999,-99999999,-99999999,-99999999,-99999999
2004.5,0.01444,72.9,4.7,0.013300292,-99999999,3.3,-99999999,0.034183012,0.014223478,0.014320768,5.2,73.2,-99999999,0.000826126,-99999999,-99999999,-99999999,-99999999,-99999999,-0.000761363,0.007280562,-99999999,-99999999,-99999999,-99999999,0.007679898,-99999999,-99999999,-99999999,-99999999,-99999999,-99999999,-99999999,-99999999
2004.75,-0.00289,73,4.7,-0.000582555,-99999999,3.2,-99999999,0.039838239,0.014757178,0.012605015,5.6,73.2,-99999999,0.003616402,-99999999,-99999999,-99999999,-99999999,-99999999,0.003745941,0.007104448,-99999999,-99999999,-99999999,-99999999,0.03806515,-99999999,-99999999,-99999999,-99999999,-99999999,-99999999,-99999999,-99999999
2005,0.00093,73.1,4.7,0.002839061,-99999999,3.1,-99999999,-0.007563256,-0.005942549,0.003586267,5.5,73.3,-99999999,0.003424153,-99999999,-99999999,-99999999,-99999999,-99999999,-0.000238993,0.00581135,-99999999,-99999999,-99999999,-99999999,-0.003495781,-99999999,-99999999,-99999999,-99999999,-99999999,-99999999,-99999999,-99999999
2005.25,0.01317,72.9,4.8,0.014203269,-99999999,3.1,-99999999,0.025084343,0.019976683,0.014401703,5.5,72.9,-99999999,0.001621109,-99999999,-99999999,-99999999,-99999999,-99999999,0.003162131,0.009197168,-99999999,-99999999,-99999999,-99999999,0.111061213,-99999999,-99999999,-99999999,-99999999,-99999999,-99999999,-99999999,-99999999
2005.5,0.00037,73,4.7,0.0066422,-99999999,3.1,-99999999,0.008230717,0.007084896,0.006685541,5.4,73.1,-99999999,0.005307127,-99999999,-99999999,-99999999,-99999999,-99999999,0.004839062,0.002466719,-99999999,-99999999,-99999999,-99999999,0.020154443,-99999999,-99999999,-99999999,-99999999,-99999999,-99999999,-99999999,-99999999
2005.75,-0.00066,72.7,5.1,0.002789834,-99999999,3.1,-99999999,-0.014367285,0.006048119,0.004400527,5.1,73.1,-99999999,0.000319569,-99999999,-99999999,-99999999,-99999999,-99999999,0.005491938,0.013678862,-99999999,-99999999,-99999999,-99999999,0.004766947,-99999999,-99999999,-99999999,-99999999,-99999999,-99999999,-99999999,-99999999
2006,0.00802,72.9,5.2,0.003567892,-99999999,3.1,-99999999,-0.010808148,0.013195923,0.02279811,5.4,72.9,-99999999,0.001435158,-99999999,-99999999,-99999999,-99999999,-99999999,0.004403364,0.00456883,-99999999,-99999999,-99999999,-99999999,0.006934203,-99999999,-99999999,-99999999,-99999999,-99999999,-99999999,-99999999,-99999999
2006.25,0.01259,72.8,5.5,0.01753029,-99999999,3.1,-99999999,-0.010493532,0.011062607,-0.001119935,5.6,72.7,-99999999,0.001271727,-99999999,-99999999,-99999999,-99999999,-99999999,0.001723385,0.003514908,-99999999,-99999999,-99999999,-99999999,0.077381323,-99999999,-99999999,-99999999,-99999999,-99999999,-99999999,-99999999,-99999999
2006.5,0.00892,72.8,5.5,0.011602903,-99999999,3.1,-99999999,-0.004746435,0.023389104,0.026564459,5,73.5,-99999999,-0.000476461,-99999999,-99999999,-99999999,-99999999,-99999999,-0.000269392,0.000699581,-99999999,-99999999,-99999999,-99999999,0.048122396,-99999999,-99999999,-99999999,-99999999,-99999999,-99999999,-99999999,-99999999
2006.75,0.00919,72.7,5.5,0.010141098,-99999999,3,-99999999,-0.027710676,-0.015380456,-0.008675524,5.1,74.2,-99999999,0.000476461,-99999999,-99999999,-99999999,-99999999,-99999999,0.003753838,0.007018404,-99999999,-99999999,-99999999,-99999999,0.010351633,-99999999,-99999999,-99999999,-99999999,-99999999,-99999999,-99999999,-99999999
2007,0.00872,72.5,5.5,0.004441011,-99999999,2.8,-99999999,0.010677336,0.004904925,0.004131069,5,74.5,-99999999,0,-99999999,-99999999,-99999999,-99999999,-99999999,0.000471487,0.004937492,-99999999,-99999999,-99999999,-99999999,0.010785202,-99999999,-99999999,-99999999,-99999999,-99999999,-99999999,-99999999,-99999999
2007.25,0.01521,72.7,5.4,0.018354984,-99999999,2.7,-99999999,-0.004364805,0.008192497,0.00015225,4.6,74.9,-99999999,0.001268014,-99999999,-99999999,-99999999,-99999999,-99999999,-7.89E-05,0.002728145,-99999999,-99999999,-99999999,-99999999,0.094576533,-99999999,-99999999,-99999999,-99999999,-99999999,-99999999,-99999999,-99999999
2007.5,0.00551,72.7,5.3,0.00850152,-99999999,2.6,-99999999,-0.015307117,-0.002713697,-0.007059359,4.9,74.2,-99999999,0.002052659,-99999999,-99999999,-99999999,-99999999,-99999999,0.003017312,0.005389131,-99999999,-99999999,-99999999,-99999999,2.79E-03,-99999999,-99999999,-99999999,-1.00E+08,-99999999,-99999999,-99999999,-99999999
2007.75,-0.00041,72.9,5.2,-0.001920343,-99999999,2.5,-99999999,-0.026085568,-0.018392372,0.00108168,4.8,74.3,-99999999,0.000157496,-99999999,-99999999,-99999999,-99999999,-99999999,0.004093405,0.012230839,-99999999,-99999999,-99999999,-99999999,-1.81E-02,-99999999,-99999999,-99999999,-99999999,-99999999,-99999999,-99999999,-99999999
2008,-0.01099,73,5.2,-0.014823677,-99999999,2.4,-99999999,-0.003460532,0.008651571,0.010520549,4.7,74.3,-99999999,0.002355608,-99999999,-99999999,-99999999,-99999999,-99999999,0.001879163,-0.002094213,-99999999,-99999999,-99999999,-99999999,-0.013601462,-99999999,-99999999,-99999999,-99999999,-99999999,-99999999,-99999999,-99999999
2008.25,-0.0119,72.9,5.4,-0.002415421,-99999999,2.6,-99999999,0.023663918,0.028790961,0.018288786,4.2,74.3,0.00074557,0.001563337,-99999999,-99999999,-99999999,-99999999,-99999999,0.001304445,0.007817386,0.003642995,-99999999,-99999999,-99999999,0.026533724,-99999999,-99999999,-99999999,-99999999,-99999999,-99999999,-99999999,-99999999
2008.5,-0.02385,72.4,5.9,-0.024999195,-99999999,3,-99999999,-0.021584292,0,-0.008311412,4.7,73.9,0,-0.001250219,-99999999,-99999999,-99999999,-99999999,-99999999,-0.005311023,0.000171784,0.004126344,-99999999,-99999999,-99999999,-0.066706157,-99999999,-99999999,-99999999,-99999999,-99999999,-99999999,-99999999,-99999999
2008.75,-0.02256,72.2,6.4,-0.027965513,-99999999,3.5,-99999999,-0.048223328,-0.056648399,-0.03397765,5.2,73.3,0.001487311,-0.006623356,-99999999,-99999999,-99999999,-99999999,-99999999,-0.004405491,-0.00010931,-0.001027916,-99999999,-99999999,-99999999,-0.051553133,-99999999,-99999999,-99999999,-99999999,-99999999,-99999999,-99999999,-99999999
2009,-0.02017,71.7,7.1,-0.017907778,-99999999,4.3,-99999999,-0.030405029,-0.041415519,-0.035651877,6,73.1,0.00074175,-0.004954287,-99999999,-99999999,-99999999,-99999999,-99999999,-0.002308286,0.001185319,0.007144841,-99999999,-99999999,-99999999,-0.000318936,-99999999,-99999999,-99999999,-99999999,-99999999,-99999999,-99999999,-99999999
2009.25,0.01246,70.8,7.8,0.014132308,-99999999,4.6,-99999999,-0.009213922,-0.011452906,-0.008551785,7.1,72,-0.004469622,-0.007457274,-99999999,-99999999,-99999999,0.181346335,-99999999,-0.003966483,0.00065366,0.002019978,-99999999,-99999999,-99999999,0.049063805,-99999999,-99999999,-99999999,-99999999,-99999999,-99999999,-99999999,-99999999
2009.5,0.01684,70.6,7.8,0.015382116,-99999999,4.8,-99999999,0.010868379,-0.008858143,0.003336016,7.2,71.8,-0.00225218,0.00097998,-99999999,-99999999,-99999999,0.258279644,-99999999,0.001741986,0.000435227,0.002511832,-99999999,-99999999,-99999999,-0.00244506,-99999999,-99999999,-99999999,-99999999,-99999999,-99999999,-1.00E+08,-99999999
2009.75,0.00528,70.6,7.8,0.007211167,-99999999,4.9,-99999999,-0.027258795,-0.009580414,-0.023908857,7.6,71.5,0.001502751,-0.006575364,-99999999,-99999999,-99999999,-0.239629742,-99999999,0.000774457,-0.004733119,0.004980496,-99999999,-99999999,-99999999,0.009897055,-99999999,-99999999,-99999999,-99999999,-99999999,-1.00E+08,-1.00E+08,-99999999
2010,0.00206,70.2,8,-0.000526538,-99999999,5,-99999999,0.06355727,-0.005106378,0.014562346,8.3,69.9,-0.000750725,-0.003826408,-99999999,-99999999,-99999999,-0.336045686,-99999999,0.000853116,-0.002504507,0.004434129,-99999999,-99999999,-99999999,-0.031615361,-99999999,-99999999,-99999999,-99999999,-99999999,-99999999,-99999999,-99999999
2010.25,0.01528,70.4,7.9,0.009747641,-99999999,4.9,-99999999,0.06135855,0.045800372,0.03934057,8.4,70.1,-0.003015946,0.000167068,-99999999,-99999999,-99999999,0.405011187,-99999999,0.005572812,0.000426313,0.003903797,-99999999,-99999999,-99999999,0.040686267,-99999999,-99999999,-99999999,-99999999,-99999999,-99999999,-99999999,-99999999
2010.5,-0.00353,70.7,7.8,0.003234618,-99999999,4.9,-99999999,-0.017797631,0.012343587,0.046562721,8.4,70.7,-0.004563557,-0.00066866,-99999999,-99999999,-99999999,0.210602886,-99999999,0.003423277,0.002015364,0.003869019,-99999999,-99999999,-99999999,-0.003676093,-99999999,-99999999,-99999999,-99999999,-99999999,-99999999,-1.00E+08,-99999999
2010.75,-0.01152,70.4,7.9,-0.01085383,-99999999,5.1,-99999999,-0.03902468,-0.021487572,-0.025677887,7.9,71.2,-0.003069232,0.00116948,-99999999,-99999999,-99999999,-0.343290306,-99999999,-0.00179647,-0.002979112,0.002879311,-99999999,-99999999,-99999999,-0.030352354,-99999999,-1.00E+08,-99999999,-99999999,-99999999,-99999999,-99999999,-99999999
2011,-0.00158,70.5,7.8,-0.007934481,-99999999,5,-99999999,-0.046639729,-0.01142402,0.003399925,7.9,71,0.002303955,0.005965222,-99999999,-99999999,-99999999,-0.291748552,-99999999,0.004292186,0.007573045,0.00190899,-99999999,-99999999,-99999999,-0.028021466,-99999999,-99999999,-99999999,-99999999,-99999999,-99999999,-99999999,-99999999
2011.25,0.01157,70.5,7.9,0.005482454,-99999999,5,-99999999,0.036725984,0.044597677,-0.041969067,7.9,71.6,-0.011643981,-0.002972369,-99999999,-99999999,-99999999,0.350610832,0.006764161,0.001539501,0.00345239,0.003792989,-99999999,-99999999,-99999999,0.039146168,-99999999,-99999999,-99999999,-99999999,-99999999,-99999999,0.004563977,-99999999
2011.5,-0.00044,70.1,8.3,0.004611272,-99999999,5.2,-99999999,-0.025408374,-0.007289171,0.034754909,8.1,71,-0.006340178,0.003136906,-99999999,-99999999,-99999999,0.310643362,-0.014539653,0.001476574,0.0020921,0.000471803,-99999999,-99999999,-99999999,5.63E-03,-99999999,-99999999,-99999999,-99999999,-99999999,-99999999,0.005292278,-99999999
2011.75,-0.00475,70.2,8.4,-0.006440648,-99999999,5.2,-99999999,-0.002652241,-0.025858106,-0.013304014,8.6,70.9,-0.002401635,-0.007633955,-99999999,-99999999,-99999999,-0.254868502,-0.035265315,0.001047212,0.006609652,0.006551981,-99999999,-99999999,-99999999,-4.67E-02,-99999999,-99999999,-99999999,-99999999,-99999999,-99999999,0.001758063,-99999999
2012,-0.00547,70.5,8.2,-0.002870421,-99999999,5.1,-99999999,-0.038602735,-0.063329269,-0.042558639,8.2,71.2,0.000802021,0.009603548,-99999999,-99999999,-99999999,-0.366407268,0.121839039,0.004170801,0.001328026,-0.00186193,-99999999,-99999999,-99999999,-0.004077794,-99999999,-99999999,-99999999,-99999999,-99999999,-99999999,0.002803115,-99999999
2012.25,0.00592,70.9,8,0.010604238,-99999999,5.1,-99999999,0.025313352,0.002450874,8.75E-05,8,71.4,-0.002410521,-0.00246339,-99999999,-99999999,-99999999,0.41782581,-0.035127932,-0.002812919,0.006520522,-0.001869947,-99999999,-99999999,-99999999,0.023248401,-99999999,-99999999,-99999999,-99999999,-99999999,-99999999,1.78E-03,-99999999
2012.5,-0.00276,71.1,7.9,0.000627726,-99999999,5,-99999999,-0.012784138,-0.001790425,0.011584913,8.2,70.4,-0.002423975,-0.003140488,-99999999,-99999999,-99999999,0.159814539,-0.011750337,0.000966641,0.002324217,0.006048119,-99999999,-99999999,-99999999,-0.019974391,-99999999,-99999999,-99999999,-99999999,-99999999,-99999999,0.002624299,-99999999
2012.75,-0.00262,71.4,7.8,-0.003719569,-99999999,4.9,-99999999,0.001226452,0.018941641,-0.00069893,7.6,70.9,-0.001623533,-0.00266235,-99999999,-99999999,-99999999,-0.388008458,-0.035416657,0.004844312,0.003133483,0.002303955,-99999999,-99999999,-99999999,-0.029382564,-99999999,-99999999,-99999999,-99999999,-99999999,-99999999,0.00438972,-99999999
2013,0.00035,71.2,7.8,-0.000415284,-99999999,4.9,-99999999,-0.060261143,-0.041224636,-0.034605206,7.2,71.8,0.002433029,0.000500435,-99999999,-99999999,-99999999,-0.114136302,0.07127894,0.000740048,0.008333367,0.007743264,-99999999,-99999999,-99999999,-0.006757102,-99999999,-99999999,-99999999,-99999999,-99999999,-99999999,0.003294625,-99999999
2013.25,0.01115,71.3,7.7,0.010110556,-99999999,4.8,-99999999,0.073843774,0.058413857,0.042087286,7.3,72.1,-0.002433029,0.00282496,-99999999,-99999999,-99999999,0.37316748,0.017518257,0.002339303,0.003851004,0.006274746,-0.1,-99999999,-99999999,0.046382053,-99999999,-99999999,-99999999,-99999999,-99999999,-99999999,0.003871201,-99999999
2013.5,0.0093,71.7,7.6,0.008576069,-99999999,4.4,-99999999,-0.005538767,0.042936942,0.027776191,7.4,72.6,-0.000814048,0.005758867,-99999999,-99999999,-99999999,0.221428866,-0.014360197,0.00214589,0.006366824,0.007936567,8.5,-99999999,-99999999,0.005167674,-99999999,-99999999,-99999999,-99999999,-99999999,-99999999,0.006411309,-99999999
2013.75,0.00887,72,7.2,0.004594345,-99999999,4.1,-99999999,0.018122227,0.01460393,-0.007829577,7.2,72.6,0.000814048,0.004067219,-99999999,-99999999,-99999999,-0.364896509,-0.049260819,0.001618345,0.004679867,0.002179104,5.5,-99999999,-99999999,-0.005952604,-99999999,-99999999,-99999999,-99999999,-99999999,-99999999,0.003997233,-99999999
2014,0.00907,72.5,6.8,0.003805254,-99999999,3.6,-99999999,-0.033762929,-0.023331131,-0.012346381,6.3,73.4,0.000812525,-0.000972664,-99999999,-99999999,-99999999,-0.36908893,0.079991136,0.003971317,0.006509299,-0.003053816,11.9,-99999999,-99999999,-0.002902218,-99999999,-99999999,-99999999,-99999999,-99999999,-99999999,0.002605558,-99999999
2014.25,0.02006,72.8,6.3,0.017867914,-99999999,3.3,-99999999,0.051349204,0.036766294,0.033483119,6.4,73.4,-0.000812525,0.006603529,-99999999,-99999999,-99999999,0.579928282,-0.01255119,0.00394068,0.00573828,0.000874712,16,-99999999,-99999999,0.052253616,-99999999,-99999999,-99999999,-99999999,-99999999,-99999999,0.00352598,-99999999
2014.5,0.00524,73,6,0.011591882,-99999999,3.1,-99999999,0.000609972,0.027943145,0.027259068,6.1,73.7,-0.001629625,0.00445271,-99999999,-99999999,-99999999,0.22373586,-0.030498101,0.005397273,0.004006956,-0.002190093,15,-99999999,-99999999,0.010163502,-99999999,-99999999,-99999999,-99999999,-99999999,-99999999,0.008124293,-99999999
2014.75,0.00044,73.2,5.7,-0.001060812,-99999999,2.9,-99999999,-0.003734403,0.020919956,0.004823993,5.3,74.3,0.000815577,-0.002697983,-99999999,-99999999,-99999999,-0.375020373,-0.024366816,0.001866008,0.001429766,0.00567143,10.2,-0.001275987,0.006656606,-0.01599243,-99999999,-99999999,-99999999,-99999999,-99999999,-99999999,0.005248696,-99999999
2015,-0.001,73.4,5.5,-0.000299319,-99999999,2.8,-99999999,-0.037494994,0.008338463,0.005844912,5.8,74.7,0,-0.000796725,-99999999,-99999999,-99999999,-0.322331945,0.096663418,0.002290993,-0.000707614,-0.007431491,6,0.009825129,-0.001207001,0.052300347,-99999999,-99999999,-99999999,-99999999,-99999999,-99999999,0.003580349,-99999999
2015.25,0.01292,73.4,5.6,0.01177724,-99999999,2.7,-99999999,0.062229891,0.069924373,0.059873886,5.7,73.9,-0.000815577,-0.00015952,-99999999,-99999999,-99999999,0.455236635,-0.017276783,-0.00115613,-0.002479048,0.003950154,8.3,0.003704597,-0.001208459,-0.020715049,-99999999,-99999999,-99999999,-99999999,-99999999,-99999999,0.003456867,-99999999
2015.5,0.00328,73.8,5.3,0.012155805,-99999999,2.7,-99999999,-0.020316005,0.046352078,0.048856159,6.2,74,-0.000817111,0.001274526,-99999999,-99999999,-99999999,0.176940913,-0.026214876,-0.001249851,-0.001791019,-0.000874712,4.2,0.001512307,0.001208459,0.009612629,-99999999,-99999999,-99999999,-99999999,-99999999,-99999999,0.003279506,-99999999
2015.75,0.0029,74.1,5.1,0.00539855,-99999999,2.6,-99999999,0.025481196,-0.000404811,0.001145242,5.6,74.8,0.000817111,-0.001115006,-99999999,-99999999,-99999999,-0.366894601,-0.04429239,0.000236994,0.008525022,0.001747666,0.5,-0.000415208,0.011408109,-0.011289572,-99999999,-99999999,-99999999,-99999999,-99999999,-99999999,-0.001886887,-99999999
2016,0.00334,74.1,5.1,0.005782963,-99999999,2.6,-99999999,0.001823243,-0.041946664,-0.032130106,5.9,73.4,0.000815577,0.002068452,-99999999,-99999999,-99999999,-0.228560944,0.088714895,0.001045939,-0.001112897,0,0.5,0.002400107,0.004170396,-0.003362345,-99999999,-99999999,-99999999,-99999999,-99999999,-99999999,0.001192132,-99999999
2016.25,0.01224,74.4,4.9,0.010780347,-99999999,2.7,-99999999,0.053506313,0.020786617,0.015516644,5.2,73.9,-0.001632688,0.000317351,-99999999,-99999999,-99999999,0.485319585,-0.000273571,-0.000920604,0.006491266,-0.002624144,0.8,0.000643596,0.002968242,0.028899795,-99999999,-99999999,-99999999,-99999999,-99999999,-99999999,-0.001888199,-99999999
2016.5,0.00446,74.4,4.8,0.00391892,-99999999,2.7,-99999999,-0.002597536,0.019209217,0.017626933,4.9,73.3,-0.001638849,-0.00286454,-99999999,-99999999,-99999999,0.171598787,-0.028791986,0.00237421,0.008143543,0.006530867,-6.6,0.000769472,0.0035503,0.002114979,-99999999,-99999999,-99999999,-99999999,-99999999,-99999999,0.00149098,-99999999
2016.75,-0.00086,74.6,4.7,0.001379832,-99999999,2.7,-99999999,0.016217657,-0.012878309,-0.011565323,4.7,73.9,0.000820198,0.001593743,-99999999,-99999999,-99999999,-0.407613209,-0.035127779,-0.001321217,0.00019235,0.001725104,-7.9,1.40E-03,0.000590493,-1.67E-02,-99999999,-99999999,-99999999,-99999999,-99999999,-99999999,0.00059577,-99999999
2017,0.00153,74.8,4.6,-0.000531315,-99999999,2.7,-99999999,-0.004506967,-0.009435673,-0.007725192,4.2,74.3,0.000818651,0.007413233,-99999999,-99999999,-99999999,-0.192180955,0.10493912,0.005514533,0.006047438,0.003429787,-6.4,0.000188079,0.002358492,-0.009615459,-99999999,-99999999,-99999999,-99999999,-99999999,-99999999,-0.001390683,-99999999
2017.25,0.00689,75.1,4.4,0.013111469,-99999999,2.7,-0.071837121,0.053010333,0.005403817,-0.000935135,3.9,75.1,-0.000818651,-0.002352206,-99999999,-99999999,0.296511592,0.575799221,-0.042280008,0.002434866,0.003839162,0.005516272,-6.1,0.004024814,0.015196084,0.048118587,-99999999,-99999999,-99999999,-99999999,-99999999,-99999999,0.000993542,-99999999
2017.5,0.0035,75,4.3,0.00595275,-99999999,2.7,0.009170963,0.003434287,0.006773044,0.010869999,4.2,75,0,0.000785485,-99999999,-99999999,0.176024659,0.097418491,-0.023862448,0.003229044,0.002598853,0.003778323,-3.2,0.002244309,0.007512315,0.00618211,-99999999,-99999999,-99999999,-99999999,-99999999,-99999999,0.002479545,-99999999
2017.75,-0.00049,75.2,4.4,0.000839135,-99999999,2.8,-0.049373619,0.032750511,-0.02050679,-0.016504195,4.4,74.4,0.000818651,-0.006483308,-99999999,-99999999,-0.306551575,-0.367768181,-0.034631646,0.00023452,0.004264264,0.003331134,-5,0.000387619,0.002300174,0.004936902,-99999999,-99999999,-99999999,-99999999,-99999999,-99999999,0.001979219,-99999999
2018,0.00074,75.6,4.2,-0.00301288,-99999999,2.9,0.102585888,-0.045412602,-0.054041245,-0.04167046,4.3,74.8,0.000817111,0,-99999999,-99999999,0.007441206,-0.072776869,0.085983869,-0.000723132,0.005016122,0.001656034,-3.6,-0.001864394,0.005727393,-0.004003543,-99999999,-99999999,-99999999,-99999999,-99999999,-99999999,0.001086903,-99999999
2018.25,0.00568,75.5,4,0.008805021,-99999999,3.1,0.008330228,0.068820945,0.01663329,0.017776447,4.1,75.2,-0.000817111,0.001748946,0.020792502,-0.036558498,0.192845231,0.262247484,-0.00351783,0.003753124,0.005464877,0.004112668,-2.5,0.00319819,0.011357305,0.036007738,-99999999,-99999999,-99999999,-99999999,-99999999,-99999999,0.000394945,-99999999
2018.5,0.00307,75.6,4.1,0.005854046,-99999999,3.2,-0.094292647,0.012233826,0.000695183,0.000730934,3.8,75,0,0,0.041506093,0.036767981,0.077547873,0.156248867,-0.017975566,-0.001763143,0.004194146,0.002041821,-2.5,0.001193219,0.002819286,0.009850532,-99999999,-99999999,-99999999,-99999999,-99999999,-99999999,2.56E-03,-99999999
2018.75,-0.00388,75.8,4,-0.003248848,-99999999,3.4,-0.036942148,0.01698299,0.015697359,0.002327032,3.5,75.5,0.006494244,-0.001908291,0.02127274,0.064315937,-0.278657363,-0.393268507,-0.01548559,-0.00037311,0.003657638,-0.000407597,-2.8,0.001098942,0.007851975,-0.021163382,-99999999,-99999999,-99999999,-99999999,-99999999,-99999999,0.001672488,-99999999
2019,-0.00302,76.1,3.8,-0.004991601,-99999999,3.5,0.166861513,-0.015718386,-0.013575064,-0.002455549,3.2,75.4,0.003211064,0.002384056,-0.019010785,-0.059249399,-0.183891074,-0.266011793,0.067419402,0.003072303,-1.18E-05,0.005671837,-6.7,0.003228035,0.025373672,0.009060495,-99999999,-99999999,-99999999,-99999999,-99999999,-99999999,0.00206216,-99999999
2019.25,0.00652,76.1,3.9,0.005595724,-99999999,3.6,-0.031149416,0.054880066,0.03822165,0.033180537,3.6,75.4,-0.000800543,0.005042663,-0.00890998,-0.03437702,0.313871455,0.529292168,-0.022223305,0.002570056,0.002017536,-0.001209173,-5.3,5.74E-05,0.004347833,0.020179256,-99999999,-99999999,-99999999,-99999999,-99999999,-99999999,0.002840772,-99999999
2019.5,0.0018,76,3.8,0.006533681,-99999999,3.7,-0.061719819,0.014075466,0.029702579,0.028891348,4,74.4,0.001599613,0.000782654,0.022736718,0.002234796,0.141095284,0.168785108,-0.01225468,-0.000664899,0.005392852,0.001209173,-4.7,-4.23E-05,0.005408342,0.014305391,-99999999,-99999999,-99999999,-99999999,-99999999,-99999999,0.001466204,-99999999
2019.75,-0.00177,76.5,3.8,-0.003255121,-99999999,3.8,-0.054643007,-0.002388305,-0.001762162,-0.010925827,3.5,75,0.001593743,0.004821224,-0.025519489,-0.007418894,-0.177804501,-0.263191533,-0.054565733,-0.000207947,-0.0007214,0.000804249,-5.3,-5.70E-04,0.005915586,-0.030074795,-99999999,-99999999,-99999999,-99999999,-99999999,-99999999,-0.00019537,-99999999
2020,0.00398,76.3,4,0.001667164,-99999999,3.5,0.103555296,-0.050380692,-0.033960259,-0.039568739,4.2,74.4,0.003170047,-0.000774006,-0.055672983,-0.017347875,-0.358845487,-0.4472321,0.042810944,-0.012003861,-99999999,-0.004847989,-2.9,-1.61E-03,-0.005915586,0.002242455,-99999999,-99999999,-99999999,-99999999,-99999999,-99999999,0.001951982,-99999999
2020.25,0.00441,75.7,4.1,0.003752935,-99999999,6.6,-0.196841134,-0.267074567,-0.1630315,-0.176311908,4.5,73.8,0.002362442,-0.005457012,-0.101681453,-0.10512884,-99999999,-99999999,-0.051326211,-0.096147854,-99999999,-99999999,-99999999,-0.020070802,0.004842624,0.030790664,-99999999,-99999999,-99999999,-99999999,-99999999,-99999999,0.002531893,-99999999
2020.5,0.00821,74.9,4.9,0.012472489,-99999999,6.8,0.033557405,0.253180895,0.149939603,0.14646418,4.6,74,-0.001573532,-0.007277965,0.063397255,0.032148894,-99999999,-99999999,0.154432654,0.063870423,-99999999,-99999999,-39.3,-0.009096308,0.033776298,0.03323814,-99999999,-99999999,-99999999,-99999999,-99999999,-99999999,0.00165201,-99999999
2020.75,0.01049,74.6,5.2,0.011431048,-99999999,6.6,0.067900236,0.02889219,0.008625909,0.034992596,4.6,73.5,0.003141384,-0.004329351,0.019563819,0.070613643,-99999999,-99999999,-0.073271475,0.007228853,-99999999,-99999999,-40.9,-0.002700256,0.014937182,0.011115404,-99999999,-99999999,-99999999,-99999999,-99999999,-99999999,2.72E-03,-99999999
2021,0.00344,74.7,4.9,0.009564843,-99999999,6.6,0.141752236,-0.048523148,-0.031763445,-0.020031547,4.5,74.2,0.004669878,0.000804995,-0.058465536,-0.017182058,-99999999,-99999999,0.033540137,-0.003425919,-99999999,-99999999,-33.8,0.001718795,0.003572344,0.033508079,-99999999,-99999999,-99999999,-99999999,-99999999,-99999999,0.003190412,-99999999
2021.25,0.02026,75,4.7,0.020892106,-99999999,5.6,-0.102181586,0.051286097,0.043616888,0.036656123,4.3,74.3,0.003085587,0.002566001,0.014697031,-0.003967697,0.494850022,0.544068044,-0.028974842,0.024774141,-99999999,-99999999,-19,0.016704564,0.025648879,0.025380201,-99999999,-99999999,-99999999,-99999999,-99999999,-99999999,0.004225662,-99999999
2021.5,0.00855,75.3,4.3,0.004603974,-99999999,5,-0.032017512,-0.02251316,-0.012436044,-0.002052531,4.1,74.7,0.001534611,0.00839319,0.018212507,0.048208518,0.822168079,0.549936978,-0.044672863,0.003772089,-99999999,-99999999,-5.1,0.010984321,0.001488465,3.32E-02,-99999999,-99999999,-99999999,-99999999,-99999999,-99999999,0.005477444,-99999999
2021.75,0.00968,75.5,4,0.004272025,-99999999,4.5,-0.009462128,-0.009153005,-0.02428908,-0.017507232,4.1,74.2,0.003053049,0.003281248,0.076409734,0.159426364,0.225496115,0.233353912,-0.013446036,0.006966962,-99999999,-99999999,-4.2,0.01054319,0.028831706,1.37E-03,-99999999,-1.00E+08,-99999999,-99999999,-99999999,-99999999,0.010110285,-99999999
2022,0.01295,75.6,3.7,0.010969918,-99999999,-99999999,0.170636436,-99999999,-99999999,-99999999,3.2,75.5,0.018610151,0.0035604,-0.024006595,-0.016848047,-0.003124434,-0.082257725,-99999999,-99999999,-99999999,-99999999,-99999999,0.002157268,-0.011140827,0.0173803,-99999999,-99999999,-99999999,-99999999,-99999999,-99999999,0.007542352,-99999999
2022.25,0.01583,75.5,3.8,-99999999,-99999999,-99999999,-0.113781935,-99999999,-99999999,-99999999,3.2,75.4,-0.000729294,-0.0020088,-99999999,-99999999,-99999999,-99999999,-99999999,-99999999,-99999999,-99999999,-99999999,-99999999,-99999999,-99999999,-99999999,-99999999,-99999999,-99999999,-99999999,-99999999,-99999999,-99999999
