Time,UKQuarterlyHPI,UKEmp,UKUnEmp,UKMonthlyHousePrice,RegCBI,RegCC,BusinessBirths,ConstructionOutput_TNH,ConstructionOutput_ANW,ConstructionOutput_AW,Unemployment,Employment,PublicEMP,WorkforceJobs,Exports,Imports,PayrollEMP,PayrollPayMedian,HousePrice,PMIAC,PMINB,PMIOB,PMICH,PMIPR,PMIEM,HousingRental,PMIFU
Tcode,5,1,1,5,1,1,5,5,5,5,1,1,5,5,5,5,5,5,5,5,5,5,5,5,5,5,5
lag ,0,2,2,2,1,0,1,2,2,2,2,2,3,3,4,4,0,0,2,0,0,0,0,0,0,0,0
1967,0.00672,-99999999,-99999999,-99999999,-99999999,-99999999,-99999999,-99999999,-99999999,-99999999,-99999999,-99999999,-99999999,-99999999,-99999999,-99999999,-99999999,-99999999,-99999999,-99999999,-99999999,-99999999,-99999999,-99999999,-99999999,-99999999,-99999999
1967.25,0.00661,-99999999,-99999999,-99999999,-99999999,-99999999,-99999999,-99999999,-99999999,-99999999,-99999999,-99999999,-99999999,-99999999,-99999999,-99999999,-99999999,-99999999,-99999999,-99999999,-99999999,-99999999,-99999999,-99999999,-99999999,-99999999,-99999999
1967.5,0.00759,-99999999,-99999999,-99999999,-99999999,-99999999,-99999999,-99999999,-99999999,-99999999,-99999999,-99999999,-99999999,-99999999,-99999999,-99999999,-99999999,-99999999,-99999999,-99999999,-99999999,-99999999,-99999999,-99999999,-99999999,-99999999,-99999999
1967.75,0.00852,-99999999,-99999999,-99999999,-99999999,-99999999,-99999999,-99999999,-99999999,-99999999,-99999999,-99999999,-99999999,-99999999,-99999999,-99999999,-99999999,-99999999,-99999999,-99999999,-99999999,-99999999,-99999999,-99999999,-99999999,-99999999,-99999999
1968,0.00732,-99999999,-99999999,-99999999,-99999999,-99999999,-99999999,-99999999,-99999999,-99999999,-99999999,-99999999,-99999999,-99999999,-99999999,-99999999,-99999999,-99999999,-99999999,-99999999,-99999999,-99999999,-99999999,-99999999,-99999999,-99999999,-99999999
1968.25,0.01024,-99999999,-99999999,-99999999,-99999999,-99999999,-99999999,-99999999,-99999999,-99999999,-99999999,-99999999,-99999999,-99999999,-99999999,-99999999,-99999999,-99999999,-99999999,-99999999,-99999999,-99999999,-99999999,-99999999,-99999999,-99999999,-99999999
1968.5,0.00603,-99999999,-99999999,0.014477824,-99999999,-99999999,-99999999,-99999999,-99999999,-99999999,-99999999,-99999999,-99999999,-99999999,-99999999,-99999999,-99999999,-99999999,-99999999,-99999999,-99999999,-99999999,-99999999,-99999999,-99999999,-99999999,-99999999
1968.75,0.00398,-99999999,-99999999,-0.002379702,-99999999,-99999999,-99999999,-99999999,-99999999,-99999999,-99999999,-99999999,-99999999,-99999999,-99999999,-99999999,-99999999,-99999999,-99999999,-99999999,-99999999,-99999999,-99999999,-99999999,-99999999,-99999999,-99999999
1969,0.0059,-99999999,-99999999,0.00710034,-99999999,-99999999,-99999999,-99999999,-99999999,-99999999,-99999999,-99999999,-99999999,-99999999,-99999999,-99999999,-99999999,-99999999,-99999999,-99999999,-99999999,-99999999,-99999999,-99999999,-99999999,-99999999,-99999999
1969.25,0.00582,-99999999,-99999999,0.006986121,-99999999,-99999999,-99999999,-99999999,-99999999,-99999999,-99999999,-99999999,-99999999,-99999999,-99999999,-99999999,-99999999,-99999999,-99999999,-99999999,-99999999,-99999999,-99999999,-99999999,-99999999,-99999999,-99999999
1969.5,0.00288,-99999999,-99999999,0.004595752,-99999999,-99999999,-99999999,-99999999,-99999999,-99999999,-99999999,-99999999,-99999999,-99999999,-99999999,-99999999,-99999999,-99999999,-99999999,-99999999,-99999999,-99999999,-99999999,-99999999,-99999999,-99999999,-99999999
1969.75,0.00853,-99999999,-99999999,0.004547628,-99999999,-99999999,-99999999,-99999999,-99999999,-99999999,-99999999,-99999999,-99999999,-99999999,-99999999,-99999999,-99999999,-99999999,-99999999,-99999999,-99999999,-99999999,-99999999,-99999999,-99999999,-99999999,-99999999
1970,0.00652,-99999999,-99999999,0.00225608,-99999999,-99999999,-99999999,-99999999,-99999999,-99999999,-99999999,-99999999,-99999999,-99999999,-99999999,-99999999,-99999999,-99999999,-99999999,-99999999,-99999999,-99999999,-99999999,-99999999,-99999999,-99999999,-99999999
1970.25,0.00733,-99999999,-99999999,0.006698762,-99999999,-99999999,-99999999,-99999999,-99999999,-99999999,-99999999,-99999999,-99999999,-99999999,-99999999,-99999999,-99999999,-99999999,-99999999,-99999999,-99999999,-99999999,-99999999,-99999999,-99999999,-99999999,-99999999
1970.5,0.00542,-99999999,-99999999,0.01949779,-99999999,-99999999,-99999999,-99999999,-99999999,-99999999,-99999999,-99999999,-99999999,-99999999,-99999999,-99999999,-99999999,-99999999,-99999999,-99999999,-99999999,-99999999,-99999999,-99999999,-99999999,-99999999,-99999999
1970.75,0.00712,-99999999,-99999999,0,-99999999,-99999999,-99999999,-99999999,-99999999,-99999999,-99999999,-99999999,-99999999,-99999999,-99999999,-99999999,-99999999,-99999999,-99999999,-99999999,-99999999,-99999999,-99999999,-99999999,-99999999,-99999999,-99999999
1971,0.01475,72.2,3.8,0.010465434,-99999999,-99999999,-99999999,-99999999,-99999999,-99999999,-99999999,-99999999,-99999999,-99999999,-99999999,-99999999,-99999999,-99999999,-99999999,-99999999,-99999999,-99999999,-99999999,-99999999,-99999999,-99999999,-99999999
1971.25,0.01509,72,4.1,0.012234457,-99999999,-99999999,-99999999,-99999999,-99999999,-99999999,-99999999,-99999999,-99999999,-99999999,-99999999,-99999999,-99999999,-99999999,-99999999,-99999999,-99999999,-99999999,-99999999,-99999999,-99999999,-99999999,-99999999
1971.5,0.0287,71.7,4.2,0.025381731,-99999999,-99999999,-99999999,-99999999,-99999999,-99999999,-99999999,-99999999,-99999999,-99999999,-99999999,-99999999,-99999999,-99999999,-99999999,-99999999,-99999999,-99999999,-99999999,-99999999,-99999999,-99999999,-99999999
1971.75,0.02328,71.5,4.4,0.018562419,-99999999,-99999999,-99999999,-99999999,-99999999,-99999999,-99999999,-99999999,-99999999,-99999999,-99999999,-99999999,-99999999,-99999999,-99999999,-99999999,-99999999,-99999999,-99999999,-99999999,-99999999,-99999999,-99999999
1972,0.03577,71.8,4.5,0.026435816,-99999999,-99999999,-99999999,-99999999,-99999999,-99999999,-99999999,-99999999,-99999999,-99999999,-99999999,-99999999,-99999999,-99999999,-99999999,-99999999,-99999999,-99999999,-99999999,-99999999,-99999999,-99999999,-99999999
1972.25,0.03801,71.9,4.4,0.039211079,-99999999,-99999999,-99999999,-99999999,-99999999,-99999999,-99999999,-99999999,-99999999,-99999999,-99999999,-99999999,-99999999,-99999999,-99999999,-99999999,-99999999,-99999999,-99999999,-99999999,-99999999,-99999999,-99999999
1972.5,0.05225,72,4.3,0.061105182,-99999999,-99999999,-99999999,-99999999,-99999999,-99999999,-99999999,-99999999,-99999999,-99999999,-99999999,-99999999,-99999999,-99999999,-99999999,-99999999,-99999999,-99999999,-99999999,-99999999,-99999999,-99999999,-99999999
1972.75,0.02755,72.2,4.2,0.030144142,-99999999,-99999999,-99999999,-99999999,-99999999,-99999999,-99999999,-99999999,-99999999,-99999999,-99999999,-99999999,-99999999,-99999999,-99999999,-99999999,-99999999,-99999999,-99999999,-99999999,-99999999,-99999999,-99999999
1973,0.02755,72.8,3.9,0.046769243,-99999999,-99999999,-99999999,-99999999,-99999999,-99999999,-99999999,-99999999,-99999999,-99999999,-99999999,-99999999,-99999999,-99999999,-99999999,-99999999,-99999999,-99999999,-99999999,-99999999,-99999999,-99999999,-99999999
1973.25,0.02201,73,3.7,0.02108101,-99999999,-99999999,-99999999,-99999999,-99999999,-99999999,-99999999,-99999999,-99999999,-99999999,-99999999,-99999999,-99999999,-99999999,-99999999,-99999999,-99999999,-99999999,-99999999,-99999999,-99999999,-99999999,-99999999
1973.5,0.01693,72.9,3.6,0.028299396,-99999999,-99999999,-99999999,-99999999,-99999999,-99999999,-99999999,-99999999,-99999999,-99999999,-99999999,-99999999,-99999999,-99999999,-99999999,-99999999,-99999999,-99999999,-99999999,-99999999,-99999999,-99999999,-99999999
1973.75,0.02679,73,3.4,0.005044127,-99999999,-99999999,-99999999,-99999999,-99999999,-99999999,-99999999,-99999999,-99999999,-99999999,-99999999,-99999999,-99999999,-99999999,-99999999,-99999999,-99999999,-99999999,-99999999,-99999999,-99999999,-99999999,-99999999
1974,0.00707,72.9,3.6,0.005976624,-99999999,-99999999,-99999999,-99999999,-99999999,-99999999,-99999999,-99999999,-99999999,-99999999,-99999999,-99999999,-99999999,-99999999,-99999999,-99999999,-99999999,-99999999,-99999999,-99999999,-99999999,-99999999,-99999999
1974.25,0.00434,73,3.6,0.000988156,-99999999,1.6,-99999999,-99999999,-99999999,-99999999,-99999999,-99999999,-99999999,-99999999,-99999999,-99999999,-99999999,-99999999,-99999999,-99999999,-99999999,-99999999,-99999999,-99999999,-99999999,-99999999,-99999999
1974.5,0.00519,73.1,3.7,0.003930294,-99999999,1.5,-99999999,-99999999,-99999999,-99999999,-99999999,-99999999,-99999999,-99999999,-99999999,-99999999,-99999999,-99999999,-99999999,-99999999,-99999999,-99999999,-99999999,-99999999,-99999999,-99999999,-99999999
1974.75,0.00255,73.1,3.7,0.005829544,-99999999,1.8,-99999999,-99999999,-99999999,-99999999,-99999999,-99999999,-99999999,-99999999,-99999999,-99999999,-99999999,-99999999,-99999999,-99999999,-99999999,-99999999,-99999999,-99999999,-99999999,-99999999,-99999999
1975,0.0076,72.9,4,0.001925921,-99999999,2.1,-99999999,-99999999,-99999999,-99999999,-99999999,-99999999,-99999999,-99999999,-99999999,-99999999,-99999999,-99999999,-99999999,-99999999,-99999999,-99999999,-99999999,-99999999,-99999999,-99999999,-99999999
1975.25,0.01401,72.7,4.3,0.011379546,-99999999,2.8,-99999999,-99999999,-99999999,-99999999,-99999999,-99999999,-99999999,-99999999,-99999999,-99999999,-99999999,-99999999,-99999999,-99999999,-99999999,-99999999,-99999999,-99999999,-99999999,-99999999,-99999999
1975.5,0.00998,72.6,4.7,0.012909916,-99999999,3.3,-99999999,-99999999,-99999999,-99999999,-99999999,-99999999,-99999999,-99999999,-99999999,-99999999,-99999999,-99999999,-99999999,-99999999,-99999999,-99999999,-99999999,-99999999,-99999999,-99999999,-99999999
1975.75,0.0121,72.3,5,0.004519234,-99999999,3.9,-99999999,-99999999,-99999999,-99999999,-99999999,-99999999,-99999999,-99999999,-99999999,-99999999,-99999999,-99999999,-99999999,-99999999,-99999999,-99999999,-99999999,-99999999,-99999999,-99999999,-99999999
1976,0.00878,72.1,5.3,0.008899789,-99999999,4.1,-99999999,-99999999,-99999999,-99999999,-99999999,-99999999,-99999999,-99999999,-99999999,-99999999,-99999999,-99999999,-99999999,-99999999,-99999999,-99999999,-99999999,-99999999,-99999999,-99999999,-99999999
1976.25,0.00822,72,5.4,0.011303598,-99999999,4.1,-99999999,-99999999,-99999999,-99999999,-99999999,-99999999,-99999999,-99999999,-99999999,-99999999,-99999999,-99999999,-99999999,-99999999,-99999999,-99999999,-99999999,-99999999,-99999999,-99999999,-99999999
1976.5,0.00951,71.9,5.5,0.010179243,-99999999,4,-99999999,-99999999,-99999999,-99999999,-99999999,-99999999,-99999999,-99999999,-99999999,-99999999,-99999999,-99999999,-99999999,-99999999,-99999999,-99999999,-99999999,-99999999,-99999999,-99999999,-99999999
1976.75,0.00756,71.8,5.5,0.006655984,-99999999,3.9,-99999999,-99999999,-99999999,-99999999,-99999999,-99999999,-99999999,-99999999,-99999999,-99999999,-99999999,-99999999,-99999999,-99999999,-99999999,-99999999,-99999999,-99999999,-99999999,-99999999,-99999999
1977,0.00706,71.8,5.5,0.003290125,-99999999,3.8,-99999999,-99999999,-99999999,-99999999,-99999999,-99999999,-99999999,-99999999,-99999999,-99999999,-99999999,-99999999,-99999999,-99999999,-99999999,-99999999,-99999999,-99999999,-99999999,-99999999,-99999999
1977.25,0.00969,71.6,5.5,0.006506406,-99999999,3.9,-99999999,-99999999,-99999999,-99999999,-99999999,-99999999,-99999999,-99999999,-99999999,-99999999,-99999999,-99999999,-99999999,-99999999,-99999999,-99999999,-99999999,-99999999,-99999999,-99999999,-99999999
1977.5,0.00951,71.6,5.7,0.012727489,-99999999,4,-99999999,-99999999,-99999999,-99999999,-99999999,-99999999,-99999999,-99999999,-99999999,-99999999,-99999999,-99999999,-99999999,-99999999,-99999999,-99999999,-99999999,-99999999,-99999999,-99999999,-99999999
1977.75,0.00599,71.5,5.7,0.013126343,-99999999,3.9,-99999999,-99999999,-99999999,-99999999,-99999999,-99999999,-99999999,-99999999,-99999999,-99999999,-99999999,-99999999,-99999999,-99999999,-99999999,-99999999,-99999999,-99999999,-99999999,-99999999,-99999999
1978,0.02157,71.5,5.6,0.009776739,-99999999,3.7,-99999999,-99999999,-99999999,-99999999,-99999999,-99999999,-99999999,-99999999,-99999999,-99999999,-99999999,-99999999,-99999999,-99999999,-99999999,-99999999,-99999999,-99999999,-99999999,-99999999,-99999999
1978.25,0.02058,71.5,5.6,0.020338575,-99999999,3.8,-99999999,-99999999,-99999999,-99999999,-99999999,-99999999,-99999999,-99999999,-99999999,-99999999,-99999999,-99999999,-99999999,-99999999,-99999999,-99999999,-99999999,-99999999,-99999999,-99999999,-99999999
1978.5,0.04063,71.5,5.5,0.029489878,-99999999,3.8,-99999999,-99999999,-99999999,-99999999,-99999999,-99999999,-99999999,-99999999,-99999999,-99999999,-99999999,-99999999,-99999999,-99999999,-99999999,-99999999,-99999999,-99999999,-99999999,-99999999,-99999999
1978.75,0.02417,71.7,5.4,0.029476718,-99999999,3.7,-99999999,-99999999,-99999999,-99999999,-99999999,-99999999,-99999999,-99999999,-99999999,-99999999,-99999999,-99999999,-99999999,-99999999,-99999999,-99999999,-99999999,-99999999,-99999999,-99999999,-99999999
1979,0.02436,71.8,5.4,0.022338344,-99999999,3.8,-99999999,-99999999,-99999999,-99999999,-99999999,-99999999,-99999999,-99999999,-99999999,-99999999,-99999999,-99999999,-99999999,-99999999,-99999999,-99999999,-99999999,-99999999,-99999999,-99999999,-99999999
1979.25,0.03021,71.7,5.3,0.032310767,-99999999,3.7,-99999999,-99999999,-99999999,-99999999,-99999999,-99999999,-99999999,-99999999,-99999999,-99999999,-99999999,-99999999,-99999999,-99999999,-99999999,-99999999,-99999999,-99999999,-99999999,-99999999,-99999999
1979.5,0.03099,71.8,5.4,0.032106636,-99999999,3.7,-99999999,-99999999,-99999999,-99999999,-99999999,-99999999,-99999999,-99999999,-99999999,-99999999,-99999999,-99999999,-99999999,-99999999,-99999999,-99999999,-99999999,-99999999,-99999999,-99999999,-99999999
1979.75,0.03031,71.7,5.5,0.027997013,-99999999,3.8,-99999999,-99999999,-99999999,-99999999,-99999999,-99999999,-99999999,-99999999,-99999999,-99999999,-99999999,-99999999,-99999999,-99999999,-99999999,-99999999,-99999999,-99999999,-99999999,-99999999,-99999999
1980,0.01383,71.5,5.8,0.016795435,-99999999,4,-99999999,-99999999,-99999999,-99999999,-99999999,-99999999,-99999999,-99999999,-99999999,-99999999,-99999999,-99999999,-99999999,-99999999,-99999999,-99999999,-99999999,-99999999,-99999999,-99999999,-99999999
1980.25,0.01266,71.2,6.3,0.01705094,-99999999,4.7,-99999999,0.060136615,0.063308699,0.051266585,-99999999,-99999999,-99999999,-99999999,-99999999,-99999999,-99999999,-99999999,-99999999,-99999999,-99999999,-99999999,-99999999,-99999999,-99999999,-99999999,-99999999
1980.5,0.00519,70.7,7.1,0.017253291,-99999999,5.9,-99999999,0.018327381,0.012158338,0.020493593,-99999999,-99999999,-99999999,-99999999,-99999999,-99999999,-99999999,-99999999,-99999999,-99999999,-99999999,-99999999,-99999999,-99999999,-99999999,-99999999,-99999999
1980.75,-0.00241,69.9,8,0.000844931,-99999999,7.4,-99999999,-0.08278537,-0.062968492,-0.039135703,-99999999,-99999999,-99999999,-99999999,-99999999,-99999999,-99999999,-99999999,-99999999,-99999999,-99999999,-99999999,-99999999,-99999999,-99999999,-99999999,-99999999
1981,0.00427,69.3,8.9,0.00084329,-99999999,8.6,-99999999,-0.040958608,-0.043708928,-0.033652392,-99999999,-99999999,-99999999,-99999999,-99999999,-99999999,-99999999,-99999999,-99999999,-99999999,-99999999,-99999999,-99999999,-99999999,-99999999,-99999999,-99999999
1981.25,0.00668,68.7,9.6,0.011637295,-99999999,9.5,-99999999,0.027730342,0.003392943,0.001027916,-99999999,-99999999,-99999999,-99999999,-99999999,-99999999,-99999999,-99999999,-99999999,-99999999,-99999999,-99999999,-99999999,-99999999,-99999999,-99999999,-99999999
1981.5,0.00162,68.2,9.9,0.006916311,-99999999,10,-99999999,-0.009048129,0.016578138,0.022019644,-99999999,-99999999,-99999999,-99999999,-99999999,-99999999,-99999999,-99999999,-99999999,-99999999,-99999999,-99999999,-99999999,-99999999,-99999999,-99999999,-99999999
1981.75,-0.00706,67.7,10.2,-0.008559812,-99999999,10.5,-99999999,-0.114400745,-0.068576414,-0.056183254,-99999999,-99999999,-99999999,-99999999,-99999999,-99999999,-99999999,-99999999,-99999999,-99999999,-99999999,-99999999,-99999999,-99999999,-99999999,-99999999,-99999999
1982,0.00685,67.4,10.4,-0.010837085,-99999999,10.9,-99999999,0.023167865,-0.007686829,0.007706315,-99999999,-99999999,-99999999,-99999999,-99999999,-99999999,-99999999,-99999999,-99999999,-99999999,-99999999,-99999999,-99999999,-99999999,-99999999,-99999999,-99999999
1982.25,0.00892,67.1,10.6,0.018588907,-99999999,11.1,-99999999,0.086637128,0.066392489,0.043569604,-99999999,-99999999,-99999999,-99999999,-99999999,-99999999,-99999999,-99999999,-99999999,-99999999,-99999999,-99999999,-99999999,-99999999,-99999999,-99999999,-99999999
1982.5,0.00508,66.6,10.8,0.010783037,-99999999,11.5,-99999999,0.03119352,0.04275198,0.037788561,-99999999,-99999999,-99999999,-99999999,-99999999,-99999999,-99999999,-99999999,-99999999,-99999999,-99999999,-99999999,-99999999,-99999999,-99999999,-99999999,-99999999
1982.75,0.0105,66.1,11.1,0.006265854,-99999999,11.8,-99999999,0.082038457,0.041666774,0.022050141,-99999999,-99999999,-99999999,-99999999,-99999999,-99999999,-99999999,-99999999,-99999999,-99999999,-99999999,-99999999,-99999999,-99999999,-99999999,-99999999,-99999999
1983,0.01218,65.7,11.3,0.012644667,-99999999,12.1,-99999999,-0.090724636,-0.076177626,-0.024772999,-99999999,-99999999,-99999999,-99999999,-99999999,-99999999,-99999999,-99999999,-99999999,-99999999,-99999999,-99999999,-99999999,-99999999,-99999999,-99999999,-99999999
1983.25,0.01745,65.6,11.4,0.014849121,-99999999,12.3,-99999999,0.128216446,0.082974235,0.044937293,-99999999,-99999999,-99999999,-99999999,-99999999,-99999999,-99999999,-99999999,-99999999,-99999999,-99999999,-99999999,-99999999,-99999999,-99999999,-99999999,-99999999
1983.5,0.01234,65.9,11.5,0.017874724,-99999999,12.2,-99999999,-0.051969634,0.017188935,0.029360759,-99999999,-99999999,-99999999,-99999999,-99999999,-99999999,-99999999,-99999999,-99999999,-99999999,-99999999,-99999999,-99999999,-99999999,-99999999,-99999999,-99999999
1983.75,0.00685,66.3,11.7,0.003488328,-99999999,12.1,-99999999,0.014477823,0.005154891,0.009862133,-99999999,-99999999,-99999999,-99999999,-99999999,-99999999,-99999999,-99999999,-99999999,-99999999,-99999999,-99999999,-99999999,-99999999,-99999999,-99999999,-99999999
1984,0.01568,66.5,11.8,0.003460532,-99999999,11.9,-99999999,-0.018173969,-0.051633203,-0.029481299,-99999999,-99999999,-99999999,-99999999,-99999999,-99999999,-99999999,-99999999,-99999999,-99999999,-99999999,-99999999,-99999999,-99999999,-99999999,-99999999,-99999999
1984.25,0.01662,66.7,11.9,0.013572807,-99999999,11.9,-99999999,0.0073611,0.083726369,0.047839674,-99999999,-99999999,-99999999,-99999999,-99999999,-99999999,-99999999,-99999999,-99999999,-99999999,-99999999,-99999999,-99999999,-99999999,-99999999,-99999999,-99999999
1984.5,0.00589,66.8,11.7,0.016390416,-99999999,12,-99999999,0.024823584,0.023167865,0.033876243,-99999999,-99999999,-99999999,-99999999,-99999999,-99999999,-99999999,-99999999,-99999999,-99999999,-99999999,-99999999,-99999999,-99999999,-99999999,-99999999,-99999999
1984.75,0.01756,67.1,11.6,0.006386799,-99999999,12.1,-99999999,-0.062944047,-0.047641634,-0.033876243,-99999999,-99999999,-99999999,-99999999,-99999999,-99999999,-99999999,-99999999,-99999999,-99999999,-99999999,-99999999,-99999999,-99999999,-99999999,-99999999,-99999999
1985,0.00869,67.3,11.5,0,-99999999,12.1,-99999999,-0.064298644,-0.049268379,-0.02745388,-99999999,-99999999,-99999999,-99999999,-99999999,-99999999,-99999999,-99999999,-99999999,-99999999,-99999999,-99999999,-99999999,-99999999,-99999999,-99999999,-99999999
1985.25,0.01255,67.4,11.4,0.015567777,-99999999,12.1,-99999999,0.102419108,0.07847565,0.038808631,-99999999,-99999999,-99999999,-99999999,-99999999,-99999999,-99999999,-99999999,-99999999,-99999999,-99999999,-99999999,-99999999,-99999999,-99999999,-99999999,-99999999
1985.5,0.00664,67.5,11.3,0.009079658,-99999999,12.1,-99999999,0.01435815,0.031764141,0.038196979,-99999999,-99999999,-99999999,-99999999,-99999999,-99999999,-99999999,-99999999,-99999999,-99999999,-99999999,-99999999,-99999999,-99999999,-99999999,-99999999,-99999999
1985.75,0.00912,67.5,11.3,0.014723257,-99999999,12.1,-99999999,0,0.004353866,0.007630553,-99999999,-99999999,-99999999,-99999999,-99999999,-99999999,-99999999,-99999999,-99999999,-99999999,-99999999,-99999999,-99999999,-99999999,-99999999,-99999999,-99999999
1986,0.00257,67.6,11.3,0.008600172,-99999999,12.2,-99999999,-0.056481356,-0.046841872,-0.036129964,-99999999,-99999999,-99999999,-99999999,-99999999,-99999999,-99999999,-99999999,-99999999,-99999999,-99999999,-99999999,-99999999,-99999999,-99999999,-99999999,-99999999
1986.25,0.01635,67.6,11.3,0.019428552,-99999999,12.2,-99999999,0.121912282,0.03809005,0.022036576,-99999999,-99999999,-99999999,-99999999,-99999999,-99999999,-99999999,-99999999,-99999999,-99999999,-99999999,-99999999,-99999999,-99999999,-99999999,-99999999,-99999999
1986.5,0.01427,67.8,11.4,0.018596488,-99999999,12.2,-99999999,-0.106118015,0.006580345,0.02529358,-99999999,-99999999,-99999999,-99999999,-99999999,-99999999,-99999999,-99999999,-99999999,-99999999,-99999999,-99999999,-99999999,-99999999,-99999999,-99999999,-99999999
1986.75,0.01498,67.9,11.3,0.012811976,-99999999,11.9,-99999999,0.033567348,0.025367472,0.008515851,-99999999,-99999999,-99999999,-99999999,-99999999,-99999999,-99999999,-99999999,-99999999,-99999999,-99999999,-99999999,-99999999,-99999999,-99999999,-99999999,-99999999
1987,0.01391,68.1,11.1,0.012444819,-99999999,11.4,-99999999,0.00357446,-0.002058272,0.00894255,-99999999,-99999999,-99999999,-99999999,-99999999,-99999999,-99999999,-99999999,-99999999,-99999999,-99999999,-99999999,-99999999,-99999999,-99999999,-99999999,-99999999
1987.25,0.02181,68.5,10.7,0.019198462,-99999999,10.9,-99999999,0.050360736,0.023100874,0.008762123,-99999999,-99999999,-99999999,-99999999,-99999999,-99999999,-99999999,-99999999,-99999999,-99999999,-99999999,-99999999,-99999999,-99999999,-99999999,-99999999,-99999999
1987.5,0.01438,69.1,10.2,0.020630002,-99999999,10.3,-99999999,0.064676557,0.044582133,0.044483389,-99999999,-99999999,-99999999,-99999999,-99999999,-99999999,-99999999,-99999999,-99999999,-99999999,-99999999,-99999999,-99999999,-99999999,-99999999,-99999999,-99999999
1987.75,-0.00077,69.7,9.7,0.024987471,-99999999,9.8,-99999999,-0.008272526,0.01389861,0.00621912,-99999999,-99999999,-99999999,-99999999,-99999999,-99999999,-99999999,-99999999,-99999999,-99999999,-99999999,-99999999,-99999999,-99999999,-99999999,-99999999,-99999999
1988,0.00715,70.2,9.2,0.017850231,-99999999,9,-99999999,0.124938737,0.029735187,0.024995072,-99999999,-99999999,-99999999,-99999999,-99999999,-99999999,-99999999,-99999999,-99999999,-99999999,-99999999,-99999999,-99999999,-99999999,-99999999,-99999999,-99999999
1988.25,0.0355,70.7,8.7,0.025470819,-99999999,8.4,-99999999,-0.046221728,0.007910865,0.011031817,-99999999,-99999999,-99999999,-99999999,-99999999,-99999999,-99999999,-99999999,-99999999,-99999999,-99999999,-99999999,-99999999,-99999999,-99999999,-99999999,-99999999
1988.5,0.04562,71.1,8.4,0.054195944,-99999999,8,-99999999,0.009191761,0.003902043,0.003772397,-99999999,-99999999,-99999999,-99999999,-99999999,-99999999,-99999999,-99999999,-99999999,-99999999,-99999999,-99999999,-99999999,-99999999,-99999999,-99999999,-99999999
1988.75,0.02253,71.5,8,0.02590057,-99999999,7.2,-99999999,0.047346236,0.013764005,0.01112448,-99999999,-99999999,-99999999,-99999999,-99999999,-99999999,-99999999,-99999999,-99999999,-99999999,-99999999,-99999999,-99999999,-99999999,-99999999,-99999999,-99999999
1989,0.01703,72.1,7.6,0.009048129,-99999999,6.6,-99999999,-0.054221754,0.027699303,0.028771743,-99999999,-99999999,-99999999,-99999999,-99999999,-99999999,-99999999,-99999999,-99999999,-99999999,-99999999,-99999999,-99999999,-99999999,-99999999,-99999999,-99999999
1989.25,0.01933,72.4,7.2,0.015394328,-99999999,6.1,-99999999,-0.009340026,0.015264317,0.013908727,-99999999,-99999999,-99999999,-99999999,-99999999,-99999999,-99999999,-99999999,-99999999,-99999999,-99999999,-99999999,-99999999,-99999999,-99999999,-99999999,-99999999
1989.5,0.00374,72.6,7.1,0.014867277,-99999999,5.8,-99999999,0.027438248,0.055599134,0.044136754,-99999999,-99999999,-99999999,-99999999,-99999999,-99999999,-99999999,-99999999,-99999999,-99999999,-99999999,-99999999,-99999999,-99999999,-99999999,-99999999,-99999999
1989.75,-0.00899,72.8,7,-0.008433168,-99999999,5.6,-99999999,-0.085430195,-0.019632472,-0.011774336,-99999999,-99999999,-99999999,-99999999,-99999999,-99999999,-99999999,-99999999,-99999999,-99999999,-99999999,-99999999,-99999999,-99999999,-99999999,-99999999,-99999999
1990,-0.01369,72.8,6.9,-0.009467027,-99999999,5.3,-99999999,-0.039508541,-0.00823632,0.001537327,-99999999,-99999999,-99999999,-99999999,-99999999,-99999999,-99999999,-99999999,-99999999,-99999999,-99999999,-99999999,-99999999,-99999999,-99999999,-99999999,-99999999
1990.25,-0.00443,72.8,6.9,-0.003922405,-99999999,5.2,-99999999,0.050166609,0.012607401,0.005716991,-99999999,-99999999,-99999999,-99999999,-99999999,-99999999,-99999999,-99999999,-99999999,-99999999,-99999999,-99999999,-99999999,-99999999,-99999999,-99999999,-99999999
1990.5,-0.01298,72.7,7.1,0.007809702,-99999999,5.5,-99999999,0.023065304,0.012251715,0.009734594,-99999999,-99999999,-99999999,-99999999,-99999999,-99999999,-99999999,-99999999,-99999999,-99999999,-99999999,-99999999,-99999999,-99999999,-99999999,-99999999,-99999999
1990.75,-0.01802,72.3,7.5,-0.006498293,-99999999,6.1,-99999999,-0.05870566,-0.021038319,-0.016219569,-99999999,-99999999,-99999999,-99999999,-99999999,-99999999,-99999999,-99999999,-99999999,-99999999,-99999999,-99999999,-99999999,-99999999,-99999999,-99999999,-99999999
1991,-0.00295,71.7,8,-0.006154073,-99999999,7.2,-99999999,-0.020475586,-0.021442976,-0.022478722,-99999999,-99999999,-99999999,-99999999,-99999999,-99999999,-99999999,-99999999,-99999999,-99999999,-99999999,-99999999,-99999999,-99999999,-99999999,-99999999,-99999999
1991.25,0.00688,71,8.7,-0.001774444,-99999999,8,-99999999,0.063941279,-0.006036623,-0.008997006,-99999999,-99999999,-99999999,-99999999,-99999999,-99999999,-99999999,-99999999,-99999999,-99999999,-99999999,-99999999,-99999999,-99999999,-99999999,-99999999,-99999999
1991.5,-0.00406,70.3,9.2,0.008364775,-99999999,8.7,-99999999,-0.026652195,0.031267074,0.026839088,-99999999,-99999999,-99999999,-99999999,-99999999,-99999999,-99999999,-99999999,-99999999,-99999999,-99999999,-99999999,-99999999,-99999999,-99999999,-99999999,-99999999
1991.75,-0.01015,69.8,9.5,-0.003942186,-99999999,9.1,-99999999,0.046855581,0,-0.005079526,-99999999,-99999999,-99999999,-99999999,-99999999,-99999999,-99999999,-99999999,-99999999,-99999999,-99999999,-99999999,-99999999,-99999999,-99999999,-99999999,-99999999
1992,-0.01189,69.4,9.7,-0.007097923,-99999999,9.5,-99999999,-0.017625963,-0.021252154,-0.012357997,-99999999,-99999999,-99999999,-99999999,-99999999,-99999999,-99999999,-99999999,-99999999,-99999999,-99999999,-99999999,-99999999,-99999999,-99999999,-99999999,-99999999
1992.25,0.00395,69.1,9.8,-0.010410893,-99999999,9.7,-99999999,0.015151344,0.003287635,-0.009401565,10.9,67.8,-99999999,-99999999,-99999999,-99999999,-99999999,-99999999,-99999999,-99999999,-99999999,-99999999,-99999999,-99999999,-99999999,-99999999,-99999999
1992.5,-0.00348,68.9,9.9,0.001279219,-99999999,10,-99999999,0.012234456,-0.00793254,0.007374989,11.5,67.4,-99999999,-99999999,-99999999,-99999999,-99999999,-99999999,-99999999,-99999999,-99999999,-99999999,-99999999,-99999999,-99999999,-99999999,-99999999
1992.75,-0.0176,68.5,10.4,-0.016931164,-99999999,10.6,-99999999,-0.004852503,-0.041259282,-0.020377533,12,66.8,-99999999,-99999999,-99999999,-99999999,-99999999,-99999999,-99999999,-99999999,-99999999,-99999999,-99999999,-99999999,-99999999,-99999999,-99999999
1993,-0.00034,68.4,10.6,0.002207908,-99999999,10.6,-99999999,0.023737847,0.017259005,0.009684137,12.2,66.8,-99999999,-99999999,-99999999,-99999999,-99999999,-99999999,-99999999,-99999999,-99999999,-99999999,-99999999,-99999999,-99999999,-99999999,-99999999
1993.25,0.01524,68.4,10.4,0.00350947,-99999999,10.4,-99999999,0.004595752,-0.022424846,-0.02002497,11.6,67.5,-99999999,-99999999,-99999999,-99999999,-99999999,-99999999,-99999999,-99999999,-99999999,-99999999,-99999999,-99999999,-99999999,-99999999,-99999999
1993.5,-0.00144,68.5,10.2,0.009079658,-99999999,10.2,-99999999,-0.009240657,0.016747713,0.027865178,11.4,68.1,-99999999,-99999999,-99999999,-99999999,-99999999,-99999999,-99999999,-99999999,-99999999,-99999999,-99999999,-99999999,-99999999,-99999999,-99999999
1993.75,-0.00588,68.5,10.3,-0.008206704,-99999999,9.8,-99999999,-0.002341216,0.004264792,0.006896928,11.7,67.7,-99999999,-99999999,-99999999,-99999999,-99999999,-99999999,-99999999,-99999999,-99999999,-99999999,-99999999,-99999999,-99999999,-99999999,-99999999
1994,0.00235,68.7,9.9,0.004770132,-99999999,9.9,-99999999,0.013861639,0.00909917,0.004803306,10.8,68.8,-99999999,-99999999,-99999999,-99999999,-99999999,-99999999,-99999999,-99999999,-99999999,-99999999,-99999999,-99999999,-99999999,-99999999,-99999999
1994.25,0.0003,68.8,9.7,0.005996271,-99999999,9.4,-99999999,0.032833853,0.019636299,0.007889308,10,69.1,-99999999,-99999999,-99999999,-99999999,-99999999,-99999999,-99999999,-99999999,-99999999,-99999999,-99999999,-99999999,-99999999,-99999999,-99999999
1994.5,0.00311,69,9.4,0.007171611,-99999999,9.1,-99999999,0.014512383,0.028814179,0.021356797,9.2,69.7,-99999999,-99999999,-99999999,-99999999,-99999999,-99999999,-99999999,-99999999,-99999999,-99999999,-99999999,-99999999,-99999999,-99999999,-99999999
1994.75,0.0032,69.1,9,-0.002938688,-99999999,8.5,-99999999,-0.058866659,-0.018348745,-0.00298742,8.9,69.6,-99999999,-99999999,-99999999,-99999999,-99999999,-99999999,-99999999,-99999999,-99999999,-99999999,-99999999,-99999999,-99999999,-99999999,-99999999
1995,-0.00867,69.2,8.9,-0.003807769,-99999999,7.9,-99999999,0.044354276,-0.007825338,-0.004520018,8.7,69.7,-99999999,-99999999,-99999999,-99999999,-99999999,-99999999,-99999999,-99999999,-99999999,-99999999,-99999999,-99999999,-99999999,-99999999,-99999999
1995.25,0.00464,69.4,8.7,0.004649426,-99999999,7.8,-99999999,-0.058594715,0.005882182,-0.000757931,8.5,69.5,-99999999,-99999999,-99999999,-99999999,-99999999,-99999999,0.010475267,-99999999,-99999999,-99999999,-99999999,-99999999,-99999999,-99999999,-99999999
1995.5,-0.00252,69.6,8.6,0.003767397,-99999999,7.5,-99999999,0.00240607,0.018429305,0.021460141,8.9,69.5,-99999999,-99999999,-99999999,-99999999,-99999999,-99999999,3.88E-05,-99999999,-99999999,-99999999,-99999999,-99999999,-99999999,-99999999,-99999999
1995.75,-0.00343,69.9,8.3,-0.005874604,-99999999,7.5,-99999999,-0.02979187,-0.015840358,-0.014685913,8.6,70.3,-99999999,-99999999,-99999999,-99999999,-99999999,-99999999,-0.018786046,-99999999,-99999999,-99999999,-99999999,-99999999,-99999999,-99999999,-99999999
1996,0.00371,69.9,8.2,0.006291194,-99999999,7.3,-99999999,-0.066518702,-0.015770367,0.004458152,8.6,70.1,-99999999,-99999999,-99999999,-99999999,-99999999,-99999999,-0.013239951,-99999999,-99999999,-99999999,-99999999,-99999999,-99999999,-99999999,-99999999
1996.25,0.01385,69.9,8.3,0.00041619,-99999999,7.1,-99999999,0.076678101,0.030364543,0.009143379,9.4,69.4,-99999999,0.00371,-99999999,-99999999,-99999999,-99999999,0.031206857,-99999999,-99999999,-99999999,-99999999,-99999999,-99999999,-99999999,-99999999
1996.5,0.00792,70,8.1,0.01672924,-99999999,6.7,-99999999,-0.002517656,0.017728767,0.021189299,8.3,70,-99999999,0.0005,-99999999,-99999999,-99999999,-99999999,1.67E-02,-99999999,-99999999,-99999999,-99999999,-99999999,-99999999,-99999999,-99999999
1996.75,0.00924,70.3,7.8,0.007539335,-99999999,6.2,-99999999,-0.010219165,-0.024647435,-0.011880075,7.7,70.4,-99999999,-0.00118,-99999999,-99999999,-99999999,-99999999,1.30E-02,-99999999,-99999999,-99999999,-99999999,-99999999,-99999999,-99999999,-99999999
1997,0.00502,70.8,7.3,0.005861013,-99999999,5.5,-99999999,-0.015794267,0.007542207,0,7.2,71,-99999999,0,-99999999,-99999999,-99999999,-99999999,-2.83E-03,-99999999,-99999999,-99999999,-99999999,-99999999,-99999999,-99999999,-99999999
1997.25,0.01972,71,7.2,0.008836017,-99999999,5.1,-99999999,0.052936075,0.0438216,0.026120514,6.8,71.5,-99999999,0.00185,-99999999,-99999999,-99999999,-99999999,0.033906959,-1.00E+08,-99999999,-99999999,-99999999,-99999999,-99999999,-99999999,-99999999
1997.5,0.01714,71.1,6.8,0.021515142,-99999999,4.9,-99999999,0.004720639,0.000562922,0.013788284,7.3,71.1,-99999999,-0.00168,-99999999,-99999999,-99999999,-99999999,0.01875094,-99999999,-99999999,-99999999,-99999999,-99999999,-99999999,-99999999,-99999999
1997.75,0.00762,71.2,6.5,-0.003269485,-99999999,4.7,-99999999,0.077220545,0.017638748,0.005777839,6.5,71.9,-99999999,0.00185,-99999999,-99999999,-99999999,-99999999,-0.001385846,-99999999,-99999999,-99999999,-99999999,-99999999,-99999999,-99999999,-99999999
1998,0.00747,71.3,6.4,0.010803903,-99999999,4.5,-99999999,-0.011953814,0.02160066,0.023279661,6.2,71.9,-99999999,0.00317,-99999999,-99999999,-99999999,-99999999,0.00660647,-99999999,-99999999,-99999999,-99999999,-99999999,-99999999,-99999999,-99999999
1998.25,0.01572,71.3,6.3,0.022525305,-99999999,4.5,-99999999,0.090807414,0.029311722,0.000604026,5.9,72.3,-99999999,0.0005,-99999999,-99999999,-99999999,-99999999,0.033634174,-99999999,-99999999,-99999999,-99999999,-99999999,-99999999,-99999999,-99999999
1998.5,0.00756,71.6,6.2,0.018511547,-99999999,4.4,-99999999,-0.130989803,-0.020661165,-0.002724756,6.1,72.8,-99999999,-0.0015,-99999999,-99999999,-99999999,-99999999,0.008173415,-99999999,-99999999,-99999999,-99999999,-99999999,-99999999,-99999999,-99999999
1998.75,-0.00035,71.8,6.1,-0.001946058,-99999999,4.5,-99999999,0.027890215,-0.001514102,-0.003353642,6.6,71.9,-99999999,-0.00117,-99999999,-99999999,-99999999,-99999999,-0.004060076,-99999999,-99999999,-99999999,-99999999,-99999999,-99999999,-99999999,-99999999
1999,0.00756,71.9,6.2,0.002592811,-99999999,4.6,-99999999,0.008233317,0.023135034,0.011477156,7.1,71.5,-99999999,-0.00017,-99999999,-99999999,-99999999,-99999999,0.005579795,-99999999,-99999999,-99999999,-99999999,-99999999,-99999999,-99999999,-99999999
1999.25,0.016,71.9,6,0.018038867,-99999999,4.5,-99999999,0.079860362,0.031430759,0.000893304,7,71.8,-99999999,-0.001,-99999999,-99999999,-99999999,-99999999,0.036866904,-99999999,-99999999,-99999999,-99999999,-99999999,-99999999,-99999999,-99999999
1999.5,0.01435,72.1,5.9,0.024703016,-99999999,4.4,-99999999,-0.100743927,-0.020543243,0.010288337,6.4,72.2,-99999999,0.00217,-99999999,-99999999,-99999999,-99999999,0.035005485,-99999999,-99999999,-99999999,-99999999,-99999999,-99999999,-99999999,-99999999
1999.75,0.01345,72.3,5.8,0.010988063,-99999999,4.1,-99999999,-0.042678215,0.013802893,0.012315143,6.7,71.5,-99999999,0.00399,-99999999,-99999999,-99999999,-99999999,0.022588859,-99999999,-99999999,-99999999,-99999999,-99999999,-99999999,-99999999,-99999999
2000,0.01745,72.3,5.8,0.010995384,-99999999,4.1,-99999999,0.197580175,0.041022004,0.036020114,6.1,71.7,-99999999,-0.00265,-99999999,-99999999,-99999999,-99999999,-0.000472938,-99999999,-99999999,-99999999,-99999999,-99999999,-99999999,-99999999,-99999999
2000.25,0.01916,72.5,5.5,0.023041304,-99999999,4,-99999999,0.040029122,0.019340984,-0.00892777,6.1,71.5,-99999999,-0.00017,-99999999,-99999999,-99999999,-99999999,0.052566625,-99999999,-99999999,-99999999,-99999999,-99999999,-99999999,-99999999,-99999999
2000.5,-0.00143,72.6,5.3,0.008108112,-99999999,3.9,-99999999,-0.001367858,-0.013610342,0.005011653,5.7,71.6,-99999999,-0.00183,-99999999,-99999999,-99999999,-99999999,0.029888395,-99999999,-99999999,-99999999,-99999999,-99999999,-99999999,-99999999,-99999999
2000.75,0.0037,72.5,5.2,0.012766777,-99999999,3.9,-99999999,0.006796609,0.087371924,0.094806888,6,71.3,-99999999,-0.00319,-99999999,-99999999,-99999999,-99999999,0.014988819,-99999999,-99999999,-99999999,-99999999,-99999999,-99999999,-99999999,-99999999
2001,0.01232,72.6,5.1,-0.002270496,-99999999,3.8,-99999999,-0.059149552,-0.037486359,-0.040402948,5.6,71.9,-99999999,-0.00084,-99999999,-99999999,-99999999,-99999999,0.022435803,-99999999,-99999999,-99999999,-99999999,-99999999,-99999999,-99999999,-99999999
2001.25,0.01853,72.7,5,0.015405653,-99999999,3.7,-99999999,0.010686168,-0.029626732,0.003456859,5.5,71.7,-99999999,0.00135,-99999999,-99999999,-99999999,-99999999,0.056575256,-99999999,-99999999,-99999999,-99999999,-99999999,-99999999,-99999999,-99999999
2001.5,0.01658,72.5,5.1,0.015349387,-99999999,3.6,-99999999,0.00300551,0.014127748,0.006153843,5.4,72,-99999999,0.00418,-99999999,-99999999,-99999999,-99999999,0.030822772,-99999999,-99999999,-99999999,-99999999,-99999999,-99999999,-99999999,-99999999
2001.75,0.00702,72.6,5.2,-0.008807589,-99999999,3.6,-99999999,0.019044631,0.001125602,0.00045239,5.5,72.4,-99999999,0.001,-99999999,-99999999,-99999999,-99999999,0.022272136,-99999999,-99999999,-99999999,-99999999,-99999999,-99999999,-99999999,-99999999
2002,0.01305,72.5,5.2,0.02890144,-99999999,3.5,-99999999,-0.040533546,-0.021901841,-0.0050024,5.6,72.3,-99999999,-0.0005,-99999999,-99999999,-99999999,-99999999,0.027128405,-99999999,-99999999,-99999999,-99999999,-99999999,-99999999,-99999999,-99999999
2002.25,0.0356,72.7,5.2,0.034277673,-99999999,3.4,-99999999,-0.006340178,0.024889262,0.005905769,5.7,72.5,-99999999,0.00066,-99999999,-99999999,-99999999,-99999999,0.078369185,-99999999,-99999999,-99999999,-99999999,-99999999,-99999999,-99999999,-99999999
2002.5,0.02971,72.6,5.3,0.023399454,-99999999,3.5,-99999999,0.038187545,0.024947615,0.028169705,5.9,72.3,-99999999,0.001,-99999999,-99999999,-99999999,-99999999,0.074443088,-99999999,-99999999,-99999999,-99999999,-99999999,-99999999,-99999999,-99999999
2002.75,0.01958,72.9,5.1,0.021853652,-99999999,3.5,-99999999,0.015794267,0.030197408,0.042659466,5.6,72.7,-99999999,0.00099,-99999999,-99999999,-99999999,-99999999,0.063861187,-99999999,-99999999,-99999999,-99999999,-99999999,-99999999,-99999999,-99999999
2003,0.01472,72.7,5.2,0.001395325,-99999999,3.5,-99999999,-0.00282929,-0.051808557,-0.056188645,6,72.2,-99999999,0.00066,-99999999,-99999999,-99999999,-99999999,0.05373784,-99999999,-99999999,-99999999,-99999999,-99999999,-99999999,-99999999,-99999999
2003.25,0.01928,72.9,4.9,0.008279097,-99999999,3.5,-99999999,0.022134445,0.001474686,0.011834369,5.6,71.9,-99999999,0.00362,-99999999,-99999999,-99999999,-99999999,0.050258962,-99999999,-99999999,-99999999,-99999999,-99999999,-99999999,-99999999,-99999999
2003.5,0.01491,72.8,5,0.013788285,-99999999,3.4,-99999999,0.066175396,0.028833079,0.028943154,5.9,71.3,-99999999,0.00147,-99999999,-99999999,-99999999,-99999999,0.049075312,-99999999,-99999999,-99999999,-99999999,-99999999,-99999999,-99999999,-99999999
2003.75,0.01365,72.8,4.9,0.011111225,-99999999,3.4,-99999999,0.085884932,0.046342584,0.020933907,5.7,71.4,-99999999,-0.00065,-99999999,-99999999,-99999999,-99999999,0.046604015,-99999999,-99999999,-99999999,-99999999,-99999999,-99999999,-99999999,-99999999
2004,0.02004,73,4.8,-0.000645791,-99999999,3.3,-99999999,0.031165292,0.001544984,-0.000568077,5.6,71.9,-99999999,-0.00115,-99999999,-99999999,-99999999,-99999999,0.020911384,-99999999,-99999999,-99999999,-99999999,-99999999,-99999999,-99999999,-99999999
2004.25,0.02479,72.9,4.8,0.032069262,-99999999,3.2,-99999999,0.03155243,0.009156231,0.003397367,5.5,72,-99999999,-0.00016,-99999999,-99999999,-99999999,-99999999,0.059329494,-99999999,-99999999,-99999999,-99999999,-99999999,-99999999,-99999999,-99999999
2004.5,0.01444,72.9,4.7,0.013300292,-99999999,3.1,-99999999,0.015353404,-0.002726657,0.00690111,5,73,-99999999,-0.00033,-99999999,-99999999,-99999999,-99999999,0.050508542,-99999999,-99999999,-99999999,-99999999,-99999999,-99999999,-99999999,-99999999
2004.75,-0.00289,73,4.7,-0.000582555,-99999999,3.1,-99999999,-0.003187497,-0.015783011,-0.00690111,4.8,72.9,-99999999,0.00457,-99999999,-99999999,-99999999,-99999999,0.019395272,-99999999,-99999999,-99999999,-99999999,-99999999,-99999999,-99999999,-99999999
2005,0.00093,73.1,4.7,0.002839061,-99999999,3.1,-99999999,0.022596199,0.005947189,-0.009503541,4.7,72.9,-99999999,0.00372,-99999999,-99999999,-99999999,-99999999,-0.018270045,-99999999,-99999999,-99999999,-99999999,-99999999,-99999999,-99999999,-99999999
2005.25,0.01317,72.9,4.8,0.014203269,-99999999,3.4,-99999999,0.018578302,0.015871979,0.014736068,4.6,72.8,-99999999,-0.00129,-99999999,-99999999,-99999999,-99999999,0.025324405,-99999999,-99999999,-99999999,-99999999,-99999999,-99999999,0.006402112,-99999999
2005.5,0.00037,73,4.7,0.0066422,-99999999,3.5,-99999999,-0.017819709,0.009779818,0.016583008,4.7,72.4,-99999999,-0.00227,-99999999,-99999999,-99999999,-99999999,0.024189294,-99999999,-99999999,-99999999,-99999999,-99999999,-99999999,0.006868035,-99999999
2005.75,-0.00066,72.7,5.1,0.002789834,-99999999,3.7,-99999999,-0.014644857,-0.003826408,0.000357444,5.3,71.8,-99999999,0.00452,-99999999,-99999999,-99999999,-99999999,0.006580069,-99999999,-99999999,-99999999,-99999999,-99999999,-99999999,0.009584445,-99999999
2006,0.00802,72.9,5.2,0.003567892,-99999999,3.8,-99999999,-0.007113262,-0.003264272,0.001604867,5.2,72.2,-99999999,0.00272,-99999999,-99999999,-99999999,-99999999,-0.002265671,-99999999,-99999999,-99999999,-99999999,-99999999,-99999999,0.004391123,-99999999
2006.25,0.01259,72.8,5.5,0.01753029,-99999999,3.9,-99999999,0.019478353,0.00473996,0.006185377,5.6,72.3,-99999999,0.00032,-99999999,-99999999,-99999999,-99999999,0.025898154,-99999999,-99999999,-99999999,-99999999,-99999999,-99999999,0.004908952,-99999999
2006.5,0.00892,72.8,5.5,0.011602903,-99999999,3.9,-99999999,-0.012365091,0.004397214,0.006444432,6.1,72.1,-99999999,0.0068,-99999999,-99999999,-99999999,-99999999,0.012796715,-99999999,-99999999,-99999999,-99999999,-99999999,-99999999,0.005559968,-99999999
2006.75,0.00919,72.7,5.5,0.010141098,-99999999,3.9,-99999999,-0.016782556,0.005218555,-0.004169259,6.7,71.1,-99999999,-0.00189,-99999999,-99999999,-99999999,-99999999,0.015635304,-99999999,-99999999,-99999999,-99999999,-99999999,-99999999,0.006434613,-99999999
2007,0.00872,72.5,5.5,0.004441011,-99999999,3.8,-99999999,0.008072621,0.009407469,0.004514897,6.4,70.7,-99999999,-0.00476,-99999999,-99999999,-99999999,-99999999,0.00457881,-99999999,-99999999,-99999999,-99999999,-99999999,-99999999,0.003376052,-99999999
2007.25,0.01521,72.7,5.4,0.018354984,-99999999,3.6,-99999999,-0.015468543,0.010310972,-0.002772839,6.7,70.9,-99999999,-0.00208,-99999999,-99999999,-99999999,-99999999,0.018648013,-99999999,-99999999,-99999999,-99999999,-99999999,-99999999,0.003577813,-99999999
2007.5,0.00551,72.7,5.3,0.00850152,-99999999,3.6,-99999999,-0.012613505,0.023321629,0.002081287,6.4,71.4,-99999999,0.00144,-99999999,-99999999,-99999999,-99999999,1.68E-02,-99999999,-99999999,-99999999,-99999999,-99999999,-99999999,0.007379138,-99999999
2007.75,-0.00041,72.9,5.2,-0.001920343,-99999999,3.4,-99999999,-0.005149797,0.006476328,0.019290109,5.7,71.5,-99999999,0.00159,-99999999,-99999999,-99999999,-99999999,-5.75E-04,-99999999,-99999999,-99999999,-99999999,-99999999,-99999999,0.006515391,-99999999
2008,-0.01099,73,5.2,-0.014823677,-99999999,3.3,-99999999,-0.000864268,0.013169122,0.013684829,6.1,71.5,-99999999,0.00222,-99999999,-99999999,-99999999,-99999999,-0.022935281,-99999999,-99999999,-99999999,-99999999,-99999999,-99999999,0.004294063,-99999999
2008.25,-0.0119,72.9,5.4,-0.002415421,-99999999,3.5,-99999999,-0.033250764,-0.026219818,-0.00891141,6.3,70.7,0,-0.00127,-99999999,-99999999,-99999999,-99999999,-0.010081351,-99999999,-99999999,-99999999,-99999999,-99999999,-99999999,0.006288878,-99999999
2008.5,-0.02385,72.4,5.9,-0.024999195,-99999999,4,-99999999,-0.054669096,-0.007213916,-0.002462459,6.6,70.1,0.000923049,-0.00223,-99999999,-99999999,-99999999,-99999999,-0.044701753,-99999999,-99999999,-99999999,-99999999,-99999999,-99999999,0.003884917,-99999999
2008.75,-0.02256,72.2,6.4,-0.027965513,-99999999,4.8,-99999999,-0.08130494,-0.052941064,-0.047076533,7.8,69.9,-0.001848064,-0.00497,-99999999,-99999999,-99999999,-99999999,-0.054357699,-99999999,-99999999,-99999999,-99999999,-99999999,-99999999,0.006971648,-99999999
2009,-0.02017,71.7,7.1,-0.017907778,-99999999,5.9,-99999999,-0.044340542,-0.053364618,-0.054259818,9.2,68.5,0.000925015,-0.00275,-99999999,-99999999,-99999999,-99999999,-0.040718369,-99999999,-99999999,-99999999,-99999999,-99999999,-99999999,0.001754669,-99999999
2009.25,0.01246,70.8,7.8,0.014132308,-99999999,6.3,-99999999,-0.038432056,-0.020072308,-0.02086718,10.7,68.5,-0.000925015,-0.00621,-99999999,-99999999,-99999999,-99999999,-0.01057508,-99999999,-99999999,-99999999,-99999999,-99999999,-99999999,-0.001949081,-99999999
2009.5,0.01684,70.6,7.8,0.015382116,-99999999,6.5,-99999999,-0.006226551,0.006084159,0.024593276,10,68.4,0.002769156,-0.00264,-99999999,-99999999,-99999999,-99999999,0.049100442,-99999999,-99999999,-99999999,-99999999,-99999999,-99999999,-4.78E-03,-99999999
2009.75,0.00528,70.6,7.8,0.007211167,-99999999,6.4,-99999999,0.069403592,0.016732515,-0.010430244,9,69,-0.002769156,-0.00299,-99999999,-99999999,-99999999,-99999999,0.02347968,-99999999,-99999999,-99999999,-99999999,-99999999,-99999999,-5.87E-03,-99999999
2010,0.00206,70.2,8,-0.000526538,-99999999,6.2,-99999999,-0.058476153,-0.043859321,-0.039074909,9.2,68.7,0.000925015,0.00183,-99999999,-99999999,-99999999,-99999999,-0.012797247,-99999999,-99999999,-99999999,-99999999,-99999999,-99999999,-0.001350169,-99999999
2010.25,0.01528,70.4,7.9,0.009747641,-99999999,5.8,-99999999,0.097149218,0.068481225,0.051373021,8.4,69.3,-0.000925015,-0.00183,-99999999,-99999999,-99999999,-99999999,0.022137396,-99999999,-99999999,-99999999,-99999999,-99999999,-99999999,-0.000346198,-99999999
2010.5,-0.00353,70.7,7.8,0.003234618,-99999999,5.7,-99999999,0.022050495,0.046170721,0.045137135,8.9,69.3,-0.002786926,0.00415,-99999999,-99999999,-99999999,-99999999,0.012918758,-99999999,-99999999,-99999999,-99999999,-99999999,-99999999,2.75E-03,-99999999
2010.75,-0.01152,70.4,7.9,-0.01085383,-99999999,5.7,-99999999,-0.029794694,-0.019870258,-0.026868577,9.6,67.9,0.003711941,-0.00532,-99999999,-99999999,-99999999,-99999999,-0.020833515,-99999999,-1.00E+08,-99999999,-99999999,-99999999,-99999999,0.002443571,-99999999
2011,-0.00158,70.5,7.8,-0.007934481,-99999999,5.7,-99999999,-0.041160698,-0.019240667,-0.028227492,9.6,67.6,-0.004644905,0.00117,-99999999,-99999999,-99999999,-99999999,-0.033716799,-99999999,-99999999,-99999999,-99999999,-99999999,-99999999,0.003166258,-99999999
2011.25,0.01157,70.5,7.9,0.005482454,-99999999,5.9,-99999999,0.072108504,0.041029324,0.06327183,8.5,68,-0.009441556,-0.00017,-99999999,-99999999,-99999999,-99999999,0.007255207,-99999999,-99999999,-99999999,-99999999,-99999999,-99999999,0.001856314,-99999999
2011.5,-0.00044,70.1,8.3,0.004611272,-99999999,6.1,-99999999,0.072514121,0.033649031,-0.002008972,8.9,68.1,-0.000955544,0.00547,-99999999,-99999999,-99999999,-99999999,0.006925735,-99999999,-99999999,-99999999,-99999999,-99999999,-99999999,0.005084585,-99999999
2011.75,-0.00475,70.2,8.4,-0.006440648,-99999999,6.1,-99999999,-0.071176202,-0.026579049,-0.013016444,9.3,67.8,0.000955544,0.00016,-99999999,-99999999,-99999999,-99999999,-1.25E-02,-99999999,-99999999,-99999999,-99999999,-99999999,-99999999,0.003270051,-99999999
2012,-0.00547,70.5,8.2,-0.002870421,-99999999,5.9,-99999999,-0.112037803,-0.07456191,-0.049246099,8.6,68.6,-0.000955544,0.00654,-99999999,-99999999,-99999999,-99999999,-0.001330275,-99999999,-99999999,-99999999,-99999999,-99999999,-99999999,0.002297027,-99999999
2012.25,0.00592,70.9,8,0.010604238,-99999999,5.8,-99999999,0.024793108,0.011843545,0.003048585,8.7,68.8,-0.004809512,-0.00163,-99999999,-99999999,-99999999,-99999999,0.008722532,-99999999,-99999999,-99999999,-99999999,-99999999,-99999999,2.56E-03,-99999999
2012.5,-0.00276,71.1,7.9,0.000627726,-99999999,5.8,-99999999,-0.007112953,0.002228706,0.011100673,8.5,70.1,-0.002911482,0.00195,-99999999,-99999999,-99999999,-99999999,0.009317571,-99999999,-99999999,-99999999,-99999999,-99999999,-99999999,0.003043939,-99999999
2012.75,-0.00262,71.4,7.8,-0.003719569,-99999999,5.7,-99999999,0.019858421,-0.002986448,0.006451219,8.9,70.5,-0.001951889,0.0013,-99999999,-99999999,-99999999,-99999999,-0.003197356,-99999999,-99999999,-99999999,-99999999,-99999999,-99999999,0.005146647,-99999999
2013,0.00035,71.2,7.8,-0.000415284,-99999999,5.3,-99999999,-0.034235836,-0.046119105,-0.031386556,9.4,69.5,-0.001960701,0.00466,-99999999,-99999999,-99999999,-99999999,-0.005474443,-99999999,-99999999,-99999999,-99999999,-99999999,-99999999,0.001904626,-99999999
2013.25,0.01115,71.3,7.7,0.010110556,-99999999,5.1,-99999999,0.095638683,0.055639962,0.039386936,9.8,69.1,0,-0.0058,-99999999,-99999999,-99999999,-99999999,0.011358079,-99999999,-99999999,-99999999,-99999999,-99999999,-99999999,0.00106356,-99999999
2013.5,0.0093,71.7,7.6,0.008576069,-99999999,4.8,-99999999,0.027790042,0.043677841,0.0492436,9.3,68.6,0.001960701,0.00371,-99999999,-99999999,-99999999,-99999999,0.020976101,-99999999,-99999999,-99999999,-99999999,-99999999,-99999999,0.000616525,-99999999
2013.75,0.00887,72,7.2,0.004594345,-99999999,4.4,-99999999,0.041670576,0.00184944,0.016800467,8.4,68.9,0.001951889,0.004,-99999999,-99999999,-99999999,-99999999,0.010731056,-99999999,-99999999,-99999999,-99999999,-99999999,-99999999,0.005291211,-99999999
2014,0.00907,72.5,6.8,0.003805254,-99999999,4.1,-99999999,-0.009304756,-0.0217026,-0.017257874,7.8,69.8,-0.001951889,-0.00096,-99999999,-99999999,-99999999,-99999999,0.000926144,-99999999,-99999999,-99999999,-99999999,-99999999,-99999999,0.00411274,-99999999
2014.25,0.02006,72.8,6.3,0.017867914,-99999999,3.7,-99999999,0.070087739,0.030888127,0.020293097,7.7,70,-0.001960701,0.00994,-99999999,-99999999,-99999999,-99999999,0.025334061,-99999999,-99999999,-99999999,-99999999,-99999999,-99999999,0.002074081,-99999999
2014.5,0.00524,73,6,0.011591882,-99999999,3.3,-99999999,0.020505896,0.01438036,0.026009641,7.2,69.8,-0.001969593,-0.00203,-99999999,-99999999,-99999999,-99999999,0.021625134,-99999999,-99999999,-99999999,-99999999,-99999999,-99999999,0.001547958,-99999999
2014.75,0.00044,73.2,5.7,-0.001060812,-99999999,3,-99999999,0.022201502,-0.008273334,-0.011358888,6.1,71.1,0.000985913,0.00047,-99999999,-99999999,0.00213224,0.011772536,0.008035131,-99999999,-99999999,-99999999,-99999999,-99999999,-99999999,0.005156894,-99999999
2015,-0.001,73.4,5.5,-0.000299319,-99999999,2.8,-99999999,-0.029781061,-0.0297628,-0.028144381,6.4,71.2,0,0.00807,-99999999,-99999999,0.01506644,-0.001301236,-0.007648784,-99999999,-99999999,-99999999,-99999999,-99999999,-99999999,0.004114413,-99999999
2015.25,0.01292,73.4,5.6,0.01177724,-99999999,2.7,-99999999,0.048470499,0.044223659,0.025617163,6.1,70.6,-0.001974069,0.00153,-99999999,-99999999,0.009011639,-0.000651254,0.01869854,-99999999,-99999999,-99999999,-99999999,-99999999,-99999999,0.005816078,-99999999
2015.5,0.00328,73.8,5.3,0.012155805,-99999999,2.6,-99999999,-0.039525109,0.015861363,0.013933485,5.8,71.1,-0.002978031,-0.00184,-99999999,-99999999,0.004920344,-0.00195631,0.031391843,-99999999,-99999999,-99999999,-99999999,-99999999,-99999999,0.004058809,-99999999
2015.75,0.0029,74.1,5.1,0.00539855,-99999999,2.6,-99999999,0.019596626,0.007864164,-0.007282347,5.1,71.4,0.002978031,0.00291,-99999999,-99999999,0.000483441,0.009096879,0.009776548,-99999999,-99999999,-99999999,-99999999,-99999999,-99999999,0.00345185,-99999999
2016,0.00334,74.1,5.1,0.005782963,-99999999,2.6,-99999999,-0.005615627,-0.020505103,-0.028794041,5.6,71.6,-0.001983083,0.00183,-99999999,-99999999,0.007419211,0.010296101,0.003865195,-99999999,-99999999,-99999999,-99999999,-99999999,-99999999,0.005302448,-99999999
2016.25,0.01224,74.4,4.9,0.010780347,-99999999,2.7,-99999999,0.059225458,0.02982033,0.017823703,6.2,71.8,-0.002991707,0.00106,-99999999,-99999999,0.005794798,0.004471422,0.044623566,-99999999,-99999999,-99999999,-99999999,-99999999,-99999999,0.002933701,-99999999
2016.5,0.00446,74.4,4.8,0.00391892,-99999999,2.8,-99999999,0.009988839,0.021123411,0.022394291,5.5,73.2,0.00199676,0.00227,-99999999,-99999999,0.001292934,0.007619084,0.020397055,-99999999,-99999999,-99999999,-99999999,-99999999,-99999999,0.006715027,-99999999
2016.75,-0.00086,74.6,4.7,0.001379832,-99999999,2.8,-99999999,0.04336999,0.011743269,0.016426317,5.6,72.4,-0.00199676,0.00045,-99999999,-99999999,3.48E-03,0.003157565,-8.82E-05,-99999999,-99999999,-99999999,-99999999,-99999999,-99999999,0.006670236,-99999999
2017,0.00153,74.8,4.6,-0.000531315,-99999999,2.8,-99999999,0.009482241,-0.009677089,0.003741593,5.7,71.5,0,0.00554,-99999999,-99999999,0.002467419,0.009413311,0.004925685,-99999999,-99999999,-99999999,-99999999,-99999999,-99999999,0.003750545,-99999999
2017.25,0.00689,75.1,4.4,0.013111469,-99999999,2.8,-0.078125312,0.072768328,0.050410775,0.040222179,5.9,72.1,0,0.00015,-99999999,-99999999,0.005388573,0.00622667,0.027093015,-99999999,-99999999,-99999999,-99999999,-99999999,-99999999,0.004596829,-99999999
2017.5,0.0035,75,4.3,0.00595275,-99999999,2.8,0.021442976,0.026333574,0.029121888,0.024033402,5.6,72.3,0.000999527,0.0037,-99999999,-99999999,0.003160605,0.008652712,0.036227339,-99999999,-99999999,-99999999,-99999999,-99999999,-99999999,0.003909794,-99999999
2017.75,-0.00049,75.2,4.4,0.000839135,-99999999,2.9,-0.064103091,0.044619773,0.009536874,0.010666544,5.1,72.6,0.00199218,-0.0049,-99999999,-99999999,0.001662087,0.009797996,0.00172804,-99999999,-99999999,-99999999,-99999999,-99999999,-99999999,0.005220953,-99999999
2018,0.00074,75.6,4.2,-0.00301288,-99999999,2.9,0.124938737,-0.041342238,-0.031721709,-0.025253654,4.8,73.8,-0.00199218,0.00755,-99999999,-99999999,0.000941899,0.00304229,0.002217387,-99999999,-99999999,-99999999,-99999999,-99999999,-99999999,0.004534298,-99999999
2018.25,0.00568,75.5,4,0.008805021,-99999999,3.1,0.004932104,0.047540707,0.030971212,0.027406398,4.7,74.8,-0.000999527,0.00132,-0.046479447,-0.019675893,0.002989147,0.01627032,0.021425913,-99999999,-99999999,-99999999,-99999999,-99999999,-99999999,0.002823531,-99999999
2018.5,0.00307,75.6,4.1,0.005854046,-99999999,3.3,-0.091225803,0.007682343,0.006287068,0.023137495,5,74.3,-0.004021274,-0.00397,0.007486628,0.018483406,0.003481607,0.001194743,0.023018716,-99999999,-99999999,-99999999,-99999999,-99999999,-99999999,4.41E-03,-99999999
2018.75,-0.00388,75.8,4,-0.003248848,-99999999,3.5,-0.036080659,0.000619265,0.007767088,-0.004907493,5.2,73.1,-0.001011163,0.00118,0.014751735,0.014853366,0.003297505,0.005952399,0.006101873,-99999999,-99999999,-99999999,-99999999,-99999999,-99999999,0.006435689,-99999999
2019,-0.00302,76.1,3.8,-0.004991601,-99999999,3.6,0.207666748,-0.038296575,-0.019261688,-0.005100657,5.1,73.9,0,0.0022,-0.017322483,0.010523551,0.003177433,0.008862687,-0.008537354,-99999999,-99999999,-99999999,-99999999,-99999999,-99999999,0.002599816,-99999999
2019.25,0.00652,76.1,3.9,0.005595724,-99999999,3.9,-0.080360286,0.039784144,0.031704319,0.012621862,4.6,74.4,0,0.00394,-0.036749666,-0.051840791,-0.001680581,0.007617968,0.005178107,-99999999,-99999999,-99999999,-99999999,-99999999,-99999999,0.001575168,-99999999
2019.5,0.0018,76,3.8,0.006533681,-99999999,4.1,-0.089883316,0.003449173,-0.002259883,-0.002527478,4.1,75.1,0.002019978,-0.00073,0.031126952,0.005384787,0.001684196,0.006980831,0.017838227,-99999999,-99999999,-99999999,-99999999,-99999999,-99999999,0.003880988,-99999999
2019.75,-0.00177,76.5,3.8,-0.003255121,-99999999,4.4,0.008626454,-0.011764965,-0.039255085,-0.044150093,4.4,75.5,0.001006477,-0.00233,0.009473151,-0.01093605,-6.21E-04,0.006932437,-0.005163589,-99999999,-99999999,-99999999,-99999999,-99999999,-99999999,0.005059576,-99999999
2020,0.00398,76.3,4,0.001667164,-99999999,4.2,0.112779362,-0.057510655,-0.052164888,-0.048582745,5,74.8,-0.001006477,-0.00088,-0.041536462,-0.034778587,-3.45E-04,-0.001152074,-0.00371575,-99999999,-99999999,-99999999,-99999999,-99999999,-99999999,0.005034105,-99999999
2020.25,0.00441,75.7,4.1,0.003752935,-99999999,7.5,-0.156279638,-0.278509834,-0.176379277,-0.17789986,4.7,74.2,0.003012459,0.00132,-0.273726874,-0.163760845,-0.018853396,-0.001153403,0.006108188,-99999999,-99999999,-99999999,-99999999,-99999999,-99999999,0.006461323,-99999999
2020.5,0.00821,74.9,4.9,0.012472489,-99999999,7.8,0.02947879,0.25159969,0.167414839,0.176554391,5.1,74,0.000999527,-0.01259,0.181304678,0.124020132,-0.006882513,0.038488055,0.024668171,-99999999,-99999999,-99999999,-99999999,-99999999,-99999999,0.005878912,-99999999
2020.75,0.01049,74.6,5.2,0.011431048,-99999999,7.8,0.067431223,0.024914479,0.027190517,0.028029767,6.3,73.2,0.002984854,0.00434,0.083245159,0.081872921,-0.001837249,0.013237921,0.026127813,-99999999,-99999999,-99999999,-99999999,-99999999,-99999999,0.004139675,-99999999
2021,0.00344,74.7,4.9,0.009564843,-99999999,7.8,0.158604506,-0.036799889,-0.012126877,-0.007395018,6.1,72.9,0.00590886,0.00694,-0.039499993,-0.034697296,0.003735769,0.008185585,0.026533275,-99999999,-99999999,-99999999,-99999999,-99999999,-99999999,0.002511437,-99999999
2021.25,0.02026,75,4.7,0.020892106,-99999999,7,-0.126419823,0.070405419,0.080705047,0.060174061,5.1,74.5,-0.002944381,0.00234,-0.021838572,0.00642869,0.017543117,0.010273137,0.021854865,-99999999,-99999999,-99999999,-99999999,-99999999,-99999999,0.010989701,-99999999
2021.5,0.00855,75.3,4.3,0.004603974,-99999999,6.5,-0.022986839,-0.001233565,0.047661012,0.045141565,4.9,74.3,0.00098368,-0.00102,-0.026204051,-0.006534011,0.011778643,0.01918013,1.11E-02,-99999999,-99999999,-99999999,-99999999,-99999999,-99999999,0.00435487,-99999999
2021.75,0.00968,75.5,4,0.004272025,-99999999,5.9,-0.038021323,0.018059145,0.028939364,0.028405844,4.9,75.1,0.001960701,-0.00249,0.051892024,0.040693083,0.005454059,0.014147472,1.17E-02,-99999999,-99999999,-99999999,-99999999,-99999999,-99999999,0.010376591,-99999999
2022,0.01295,75.6,3.7,0.010969918,-99999999,-99999999,0.188837052,-99999999,-99999999,-99999999,4.6,76.1,0.016317955,0.0030744,0.014123084,0.080490084,0.005649477,0.018046378,0.042085797,-99999999,-99999999,-99999999,-99999999,-99999999,-99999999,0.006404557,-99999999
2022.25,0.01583,75.5,3.8,-99999999,-99999999,-99999999,-0.146007471,-99999999,-99999999,-99999999,4.6,74.9,0,0.0046434,-99999999,-99999999,-99999999,-99999999,-99999999,-99999999,-99999999,-99999999,-99999999,-99999999,-99999999,-99999999,-99999999
