Time,UKQuarterlyHPI,UKEmp,UKUnEmp,UKMonthlyHousePrice,RegCBI,RegCC,BusinessBirths,ConstructionOutput_TNH,ConstructionOutput_ANW,ConstructionOutput_AW,Unemployment,Employment,PublicEMP,WorkforceJobs,Exports,Imports,OvernightVisits,Spending,PayrollEMP,PayrollPayMedian,HousePrice,PMIAC,PMINB,PMIOB,PMICH,PMIPR,PMIEM,HousingRental,PMIFU
Tcode,5,1,1,5,1,1,5,5,5,5,1,1,5,5,5,5,5,5,5,5,5,5,5,5,5,5,5,5,5
lag ,0,2,2,2,1,0,1,2,2,2,2,2,3,3,4,4,5,5,0,0,2,0,0,0,0,0,0,0,0
1967,0.00672,-99999999,-99999999,-99999999,-99999999,-99999999,-99999999,-99999999,-99999999,-99999999,-99999999,-99999999,-99999999,-99999999,-99999999,-99999999,-99999999,-99999999,-99999999,-99999999,-99999999,-99999999,-99999999,-99999999,-99999999,-99999999,-99999999,-99999999,-99999999
1967.25,0.00661,-99999999,-99999999,-99999999,-99999999,-99999999,-99999999,-99999999,-99999999,-99999999,-99999999,-99999999,-99999999,-99999999,-99999999,-99999999,-99999999,-99999999,-99999999,-99999999,-99999999,-99999999,-99999999,-99999999,-99999999,-99999999,-99999999,-99999999,-99999999
1967.5,0.00759,-99999999,-99999999,-99999999,-99999999,-99999999,-99999999,-99999999,-99999999,-99999999,-99999999,-99999999,-99999999,-99999999,-99999999,-99999999,-99999999,-99999999,-99999999,-99999999,-99999999,-99999999,-99999999,-99999999,-99999999,-99999999,-99999999,-99999999,-99999999
1967.75,0.00852,-99999999,-99999999,-99999999,-99999999,-99999999,-99999999,-99999999,-99999999,-99999999,-99999999,-99999999,-99999999,-99999999,-99999999,-99999999,-99999999,-99999999,-99999999,-99999999,-99999999,-99999999,-99999999,-99999999,-99999999,-99999999,-99999999,-99999999,-99999999
1968,0.00732,-99999999,-99999999,-99999999,-99999999,-99999999,-99999999,-99999999,-99999999,-99999999,-99999999,-99999999,-99999999,-99999999,-99999999,-99999999,-99999999,-99999999,-99999999,-99999999,-99999999,-99999999,-99999999,-99999999,-99999999,-99999999,-99999999,-99999999,-99999999
1968.25,0.01024,-99999999,-99999999,-99999999,-99999999,-99999999,-99999999,-99999999,-99999999,-99999999,-99999999,-99999999,-99999999,-99999999,-99999999,-99999999,-99999999,-99999999,-99999999,-99999999,-99999999,-99999999,-99999999,-99999999,-99999999,-99999999,-99999999,-99999999,-99999999
1968.5,0.00603,-99999999,-99999999,0.014477824,-99999999,-99999999,-99999999,-99999999,-99999999,-99999999,-99999999,-99999999,-99999999,-99999999,-99999999,-99999999,-99999999,-99999999,-99999999,-99999999,0.028170877,-99999999,-99999999,-99999999,-99999999,-99999999,-99999999,-99999999,-99999999
1968.75,0.00398,-99999999,-99999999,-0.002379702,-99999999,-99999999,-99999999,-99999999,-99999999,-99999999,-99999999,-99999999,-99999999,-99999999,-99999999,-99999999,-99999999,-99999999,-99999999,-99999999,-0.022472855,-99999999,-99999999,-99999999,-99999999,-99999999,-99999999,-99999999,-99999999
1969,0.0059,-99999999,-99999999,0.00710034,-99999999,-99999999,-99999999,-99999999,-99999999,-99999999,-99999999,-99999999,-99999999,-99999999,-99999999,-99999999,-99999999,-99999999,-99999999,-99999999,0.033522692,-99999999,-99999999,-99999999,-99999999,-99999999,-99999999,-99999999,-99999999
1969.25,0.00582,-99999999,-99999999,0.006986121,-99999999,-99999999,-99999999,-99999999,-99999999,-99999999,-99999999,-99999999,-99999999,-99999999,-99999999,-99999999,-99999999,-99999999,-99999999,-99999999,-0.022223136,-99999999,-99999999,-99999999,-99999999,-99999999,-99999999,-99999999,-99999999
1969.5,0.00288,-99999999,-99999999,0.004595752,-99999999,-99999999,-99999999,-99999999,-99999999,-99999999,-99999999,-99999999,-99999999,-99999999,-99999999,-99999999,-99999999,-99999999,-99999999,-99999999,0.033152207,-99999999,-99999999,-99999999,-99999999,-99999999,-99999999,-99999999,-99999999
1969.75,0.00853,-99999999,-99999999,0.004547628,-99999999,-99999999,-99999999,-99999999,-99999999,-99999999,-99999999,-99999999,-99999999,-99999999,-99999999,-99999999,-99999999,-99999999,-99999999,-99999999,-0.005449605,-99999999,-99999999,-99999999,-99999999,-99999999,-99999999,-99999999,-99999999
1970,0.00652,-99999999,-99999999,0.00225608,-99999999,-99999999,-99999999,-99999999,-99999999,-99999999,-99999999,-99999999,-99999999,-99999999,-99999999,-99999999,-99999999,-99999999,-99999999,-99999999,0.068628506,-99999999,-99999999,-99999999,-99999999,-99999999,-99999999,-99999999,-99999999
1970.25,0.00733,-99999999,-99999999,0.006698762,-99999999,-99999999,-99999999,-99999999,-99999999,-99999999,-99999999,-99999999,-99999999,-99999999,-99999999,-99999999,-99999999,-99999999,-99999999,-99999999,-0.020619287,-99999999,-99999999,-99999999,-99999999,-99999999,-99999999,-99999999,-99999999
1970.5,0.00542,-99999999,-99999999,0.01949779,-99999999,-99999999,-99999999,-99999999,-99999999,-99999999,-99999999,-99999999,-99999999,-99999999,-99999999,-99999999,-99999999,-99999999,-99999999,-99999999,0.070380796,-99999999,-99999999,-99999999,-99999999,-99999999,-99999999,-99999999,-99999999
1970.75,0.00712,-99999999,-99999999,0,-99999999,-99999999,-99999999,-99999999,-99999999,-99999999,-99999999,-99999999,-99999999,-99999999,-99999999,-99999999,-99999999,-99999999,-99999999,-99999999,0.009661911,-99999999,-99999999,-99999999,-99999999,-99999999,-99999999,-99999999,-99999999
1971,0.01475,72.2,3.8,0.010465434,-99999999,-99999999,-99999999,-99999999,-99999999,-99999999,-99999999,-99999999,-99999999,-99999999,-99999999,-99999999,-99999999,-99999999,-99999999,-99999999,0.023754086,-99999999,-99999999,-99999999,-99999999,-99999999,-99999999,-99999999,-99999999
1971.25,0.01509,72,4.1,0.012234457,-99999999,-99999999,-99999999,-99999999,-99999999,-99999999,-99999999,-99999999,-99999999,-99999999,-99999999,-99999999,-99999999,-99999999,-99999999,-99999999,0.059242834,-99999999,-99999999,-99999999,-99999999,-99999999,-99999999,-99999999,-99999999
1971.5,0.0287,71.7,4.2,0.025381731,-99999999,-99999999,-99999999,-99999999,-99999999,-99999999,-99999999,-99999999,-99999999,-99999999,-99999999,-99999999,-99999999,-99999999,-99999999,-99999999,0.043296806,-99999999,-99999999,-99999999,-99999999,-99999999,-99999999,-99999999,-99999999
1971.75,0.02328,71.5,4.4,0.018562419,-99999999,-99999999,-99999999,-99999999,-99999999,-99999999,-99999999,-99999999,-99999999,-99999999,-99999999,-99999999,-99999999,-99999999,-99999999,-99999999,0.057629113,-99999999,-99999999,-99999999,-99999999,-99999999,-99999999,-99999999,-99999999
1972,0.03577,71.8,4.5,0.026435816,-99999999,-99999999,-99999999,-99999999,-99999999,-99999999,-99999999,-99999999,-99999999,-99999999,-99999999,-99999999,-99999999,-99999999,-99999999,-99999999,0.109750864,-99999999,-99999999,-99999999,-99999999,-99999999,-99999999,-99999999,-99999999
1972.25,0.03801,71.9,4.4,0.039211079,-99999999,-99999999,-99999999,-99999999,-99999999,-99999999,-99999999,-99999999,-99999999,-99999999,-99999999,-99999999,-99999999,-99999999,-99999999,-99999999,0.111791406,-99999999,-99999999,-99999999,-99999999,-99999999,-99999999,-99999999,-99999999
1972.5,0.05225,72,4.3,0.061105182,-99999999,-99999999,-99999999,-99999999,-99999999,-99999999,-99999999,-99999999,-99999999,-99999999,-99999999,-99999999,-99999999,-99999999,-99999999,-99999999,0.126293725,-99999999,-99999999,-99999999,-99999999,-99999999,-99999999,-99999999,-99999999
1972.75,0.02755,72.2,4.2,0.030144142,-99999999,-99999999,-99999999,-99999999,-99999999,-99999999,-99999999,-99999999,-99999999,-99999999,-99999999,-99999999,-99999999,-99999999,-99999999,-99999999,0.117155092,-99999999,-99999999,-99999999,-99999999,-99999999,-99999999,-99999999,-99999999
1973,0.02755,72.8,3.9,0.046769243,-99999999,-99999999,-99999999,-99999999,-99999999,-99999999,-99999999,-99999999,-99999999,-99999999,-99999999,-99999999,-99999999,-99999999,-99999999,-99999999,0.046634217,-99999999,-99999999,-99999999,-99999999,-99999999,-99999999,-99999999,-99999999
1973.25,0.02201,73,3.7,0.02108101,-99999999,-99999999,-99999999,-99999999,-99999999,-99999999,-99999999,-99999999,-99999999,-99999999,-99999999,-99999999,-99999999,-99999999,-99999999,-99999999,0.014285957,-99999999,-99999999,-99999999,-99999999,-99999999,-99999999,-99999999,-99999999
1973.5,0.01693,72.9,3.6,0.028299396,-99999999,-99999999,-99999999,-99999999,-99999999,-99999999,-99999999,-99999999,-99999999,-99999999,-99999999,-99999999,-99999999,-99999999,-99999999,-99999999,0.048452383,-99999999,-99999999,-99999999,-99999999,-99999999,-99999999,-99999999,-99999999
1973.75,0.02679,73,3.4,0.005044127,-99999999,-99999999,-99999999,-99999999,-99999999,-99999999,-99999999,-99999999,-99999999,-99999999,-99999999,-99999999,-99999999,-99999999,-99999999,-99999999,-0.029716472,-99999999,-99999999,-99999999,-99999999,-99999999,-99999999,-99999999,-99999999
1974,0.00707,72.9,3.6,0.005976624,-99999999,-99999999,-99999999,-99999999,-99999999,-99999999,-99999999,-99999999,-99999999,-99999999,-99999999,-99999999,-99999999,-99999999,-99999999,-99999999,0.034210862,-99999999,-99999999,-99999999,-99999999,-99999999,-99999999,-99999999,-99999999
1974.25,0.00434,73,3.6,0.000988156,-99999999,1.2,-99999999,-99999999,-99999999,-99999999,-99999999,-99999999,-99999999,-99999999,-99999999,-99999999,-99999999,-99999999,-99999999,-99999999,-0.036533743,-99999999,-99999999,-99999999,-99999999,-99999999,-99999999,-99999999,-99999999
1974.5,0.00519,73.1,3.7,0.003930294,-99999999,1.1,-99999999,-99999999,-99999999,-99999999,-99999999,-99999999,-99999999,-99999999,-99999999,-99999999,-99999999,-99999999,-99999999,-99999999,-0.004662013,-99999999,-99999999,-99999999,-99999999,-99999999,-99999999,-99999999,-99999999
1974.75,0.00255,73.1,3.7,0.005829544,-99999999,1.2,-99999999,-99999999,-99999999,-99999999,-99999999,-99999999,-99999999,-99999999,-99999999,-99999999,-99999999,-99999999,-99999999,-99999999,0.038951086,-99999999,-99999999,-99999999,-99999999,-99999999,-99999999,-99999999,-99999999
1975,0.0076,72.9,4,0.001925921,-99999999,1.5,-99999999,-99999999,-99999999,-99999999,-99999999,-99999999,-99999999,-99999999,-99999999,-99999999,-99999999,-99999999,-99999999,-99999999,-0.043634936,-99999999,-99999999,-99999999,-99999999,-99999999,-99999999,-99999999,-99999999
1975.25,0.01401,72.7,4.3,0.011379546,-99999999,1.9,-99999999,-99999999,-99999999,-99999999,-99999999,-99999999,-99999999,-99999999,-99999999,-99999999,-99999999,-99999999,-99999999,-99999999,0.059242834,-99999999,-99999999,-99999999,-99999999,-99999999,-99999999,-99999999,-99999999
1975.5,0.00998,72.6,4.7,0.012909916,-99999999,2.2,-99999999,-99999999,-99999999,-99999999,-99999999,-99999999,-99999999,-99999999,-99999999,-99999999,-99999999,-99999999,-99999999,-99999999,0.026202373,-99999999,-99999999,-99999999,-99999999,-99999999,-99999999,-99999999,-99999999
1975.75,0.0121,72.3,5,0.004519234,-99999999,2.6,-99999999,-99999999,-99999999,-99999999,-99999999,-99999999,-99999999,-99999999,-99999999,-99999999,-99999999,-99999999,-99999999,-99999999,-0.03509132,-99999999,-99999999,-99999999,-99999999,-99999999,-99999999,-99999999,-99999999
1976,0.00878,72.1,5.3,0.008899789,-99999999,3,-99999999,-99999999,-99999999,-99999999,-99999999,-99999999,-99999999,-99999999,-99999999,-99999999,-99999999,-99999999,-99999999,-99999999,0.032933821,-99999999,-99999999,-99999999,-99999999,-99999999,-99999999,-99999999,-99999999
1976.25,0.00822,72,5.4,0.011303598,-99999999,3.1,-99999999,-99999999,-99999999,-99999999,-99999999,-99999999,-99999999,-99999999,-99999999,-99999999,-99999999,-99999999,-99999999,-99999999,0.038140216,-99999999,-99999999,-99999999,-99999999,-99999999,-99999999,-99999999,-99999999
1976.5,0.00951,71.9,5.5,0.010179243,-99999999,3.2,-99999999,-99999999,-99999999,-99999999,-99999999,-99999999,-99999999,-99999999,-99999999,-99999999,-99999999,-99999999,-99999999,-99999999,-0.004166673,-99999999,-99999999,-99999999,-99999999,-99999999,-99999999,-99999999,-99999999
1976.75,0.00756,71.8,5.5,0.006655984,-99999999,3.2,-99999999,-99999999,-99999999,-99999999,-99999999,-99999999,-99999999,-99999999,-99999999,-99999999,-99999999,-99999999,-99999999,-99999999,0.03083492,-99999999,-99999999,-99999999,-99999999,-99999999,-99999999,-99999999,-99999999
1977,0.00706,71.8,5.5,0.003290125,-99999999,3.2,-99999999,-99999999,-99999999,-99999999,-99999999,-99999999,-99999999,-99999999,-99999999,-99999999,-99999999,-99999999,-99999999,-99999999,0.029912499,-99999999,-99999999,-99999999,-99999999,-99999999,-99999999,-99999999,-99999999
1977.25,0.00969,71.6,5.5,0.006506406,-99999999,3.2,-99999999,-99999999,-99999999,-99999999,-99999999,-99999999,-99999999,-99999999,-99999999,-99999999,-99999999,-99999999,-99999999,-99999999,-0.036003889,-99999999,-99999999,-99999999,-99999999,-99999999,-99999999,-99999999,-99999999
1977.5,0.00951,71.6,5.7,0.012727489,-99999999,3.3,-99999999,-99999999,-99999999,-99999999,-99999999,-99999999,-99999999,-99999999,-99999999,-99999999,-99999999,-99999999,-99999999,-99999999,0.06122346,-99999999,-99999999,-99999999,-99999999,-99999999,-99999999,-99999999,-99999999
1977.75,0.00599,71.5,5.7,0.013126343,-99999999,3.2,-99999999,-99999999,-99999999,-99999999,-99999999,-99999999,-99999999,-99999999,-99999999,-99999999,-99999999,-99999999,-99999999,-99999999,0.011428696,-99999999,-99999999,-99999999,-99999999,-99999999,-99999999,-99999999,-99999999
1978,0.02157,71.5,5.6,0.009776739,-99999999,3,-99999999,-99999999,-99999999,-99999999,-99999999,-99999999,-99999999,-99999999,-99999999,-99999999,-99999999,-99999999,-99999999,-99999999,0.04987183,-99999999,-99999999,-99999999,-99999999,-99999999,-99999999,-99999999,-99999999
1978.25,0.02058,71.5,5.6,0.020338575,-99999999,3,-99999999,-99999999,-99999999,-99999999,-99999999,-99999999,-99999999,-99999999,-99999999,-99999999,-99999999,-99999999,-99999999,-99999999,0.089560677,-99999999,-99999999,-99999999,-99999999,-99999999,-99999999,-99999999,-99999999
1978.5,0.04063,71.5,5.5,0.029489878,-99999999,2.9,-99999999,-99999999,-99999999,-99999999,-99999999,-99999999,-99999999,-99999999,-99999999,-99999999,-99999999,-99999999,-99999999,-99999999,0.041941631,-99999999,-99999999,-99999999,-99999999,-99999999,-99999999,-99999999,-99999999
1978.75,0.02417,71.7,5.4,0.029476718,-99999999,2.7,-99999999,-99999999,-99999999,-99999999,-99999999,-99999999,-99999999,-99999999,-99999999,-99999999,-99999999,-99999999,-99999999,-99999999,0.049316618,-99999999,-99999999,-99999999,-99999999,-99999999,-99999999,-99999999,-99999999
1979,0.02436,71.8,5.4,0.022338344,-99999999,2.7,-99999999,-99999999,-99999999,-99999999,-99999999,-99999999,-99999999,-99999999,-99999999,-99999999,-99999999,-99999999,-99999999,-99999999,0.117615937,-99999999,-99999999,-99999999,-99999999,-99999999,-99999999,-99999999,-99999999
1979.25,0.03021,71.7,5.3,0.032310767,-99999999,2.5,-99999999,-99999999,-99999999,-99999999,-99999999,-99999999,-99999999,-99999999,-99999999,-99999999,-99999999,-99999999,-99999999,-99999999,0.063451701,-99999999,-99999999,-99999999,-99999999,-99999999,-99999999,-99999999,-99999999
1979.5,0.03099,71.8,5.4,0.032106636,-99999999,2.4,-99999999,-99999999,-99999999,-99999999,-99999999,-99999999,-99999999,-99999999,-99999999,-99999999,-99999999,-99999999,-99999999,-99999999,0.057297816,-99999999,-99999999,-99999999,-99999999,-99999999,-99999999,-99999999,-99999999
1979.75,0.03031,71.7,5.5,0.027997013,-99999999,2.4,-99999999,-99999999,-99999999,-99999999,-99999999,-99999999,-99999999,-99999999,-99999999,-99999999,-99999999,-99999999,-99999999,-99999999,0.064242269,-99999999,-99999999,-99999999,-99999999,-99999999,-99999999,-99999999,-99999999
1980,0.01383,71.5,5.8,0.016795435,-99999999,2.6,-99999999,-99999999,-99999999,-99999999,-99999999,-99999999,-99999999,-99999999,-99999999,-99999999,-99999999,-99999999,-99999999,-99999999,0.056170271,-99999999,-99999999,-99999999,-99999999,-99999999,-99999999,-99999999,-99999999
1980.25,0.01266,71.2,6.3,0.01705094,-99999999,2.8,-99999999,-0.021828437,0.015429491,0.012177279,-99999999,-99999999,-99999999,-99999999,-99999999,-99999999,-99999999,-99999999,-99999999,-99999999,0.050189744,-99999999,-99999999,-99999999,-99999999,-99999999,-99999999,-99999999,-99999999
1980.5,0.00519,70.7,7.1,0.017253291,-99999999,3.4,-99999999,0.01754964,0.022882317,0.052706351,-99999999,-99999999,-99999999,-99999999,-99999999,-99999999,-99999999,-99999999,-99999999,-99999999,0.006968669,-99999999,-99999999,-99999999,-99999999,-99999999,-99999999,-99999999,-99999999
1980.75,-0.00241,69.9,8,0.000844931,-99999999,4.1,-99999999,-0.040533546,0.01065371,-0.013045559,-99999999,-99999999,-99999999,-99999999,-99999999,-99999999,-99999999,-99999999,-99999999,-99999999,0.018673761,-99999999,-99999999,-99999999,-99999999,-99999999,-99999999,-99999999,-99999999
1981,0.00427,69.3,8.9,0.00084329,-99999999,4.6,-99999999,0.004695121,0.006268995,-0.008764605,-99999999,-99999999,-99999999,-99999999,-99999999,-99999999,-99999999,-99999999,-99999999,-99999999,-0.041755569,-99999999,-99999999,-99999999,-99999999,-99999999,-99999999,-99999999,-99999999
1981.25,0.00668,68.7,9.6,0.011637295,-99999999,5.1,-99999999,-0.014240439,-0.008378932,-0.002804926,-99999999,-99999999,-99999999,-99999999,-99999999,-99999999,-99999999,-99999999,-99999999,-99999999,0.063903802,-99999999,-99999999,-99999999,-99999999,-99999999,-99999999,-99999999,-99999999
1981.5,0.00162,68.2,9.9,0.006916311,-99999999,5.6,-99999999,0.023481096,0.017277317,0.025500501,-99999999,-99999999,-99999999,-99999999,-99999999,-99999999,-99999999,-99999999,-99999999,-99999999,-0.009569451,-99999999,-99999999,-99999999,-99999999,-99999999,-99999999,-99999999,-99999999
1981.75,-0.00706,67.7,10.2,-0.008559812,-99999999,5.9,-99999999,-0.038204353,-0.008207384,-0.016220351,-99999999,-99999999,-99999999,-99999999,-99999999,-99999999,-99999999,-99999999,-99999999,-99999999,0.005752653,-99999999,-99999999,-99999999,-99999999,-99999999,-99999999,-99999999,-99999999
1982,0.00685,67.4,10.4,-0.010837085,-99999999,6.2,-99999999,0.033608601,0.016927103,0.01266782,-99999999,-99999999,-99999999,-99999999,-99999999,-99999999,-99999999,-99999999,-99999999,-99999999,-0.072344562,-99999999,-99999999,-99999999,-99999999,-99999999,-99999999,-99999999,-99999999
1982.25,0.00892,67.1,10.6,0.018588907,-99999999,6.4,-99999999,0.064298644,0.004623711,-0.005383885,-99999999,-99999999,-99999999,-99999999,-99999999,-99999999,-99999999,-99999999,-99999999,-99999999,0.072344562,-99999999,-99999999,-99999999,-99999999,-99999999,-99999999,-99999999,-99999999
1982.5,0.00508,66.6,10.8,0.010783037,-99999999,6.6,-99999999,0.007896481,0.050202446,0.044174536,-99999999,-99999999,-99999999,-99999999,-99999999,-99999999,-99999999,-99999999,-99999999,-99999999,0.018001433,-99999999,-99999999,-99999999,-99999999,-99999999,-99999999,-99999999,-99999999
1982.75,0.0105,66.1,11.1,0.006265854,-99999999,6.8,-99999999,0.011581873,-0.03407979,-0.023028234,-99999999,-99999999,-99999999,-99999999,-99999999,-99999999,-99999999,-99999999,-99999999,-99999999,0.032335381,-99999999,-99999999,-99999999,-99999999,-99999999,-99999999,-99999999,-99999999
1983,0.01218,65.7,11.3,0.012644667,-99999999,7.1,-99999999,0,-0.003815203,0.000859139,-99999999,-99999999,-99999999,-99999999,-99999999,-99999999,-99999999,-99999999,-99999999,-99999999,0.018018505,-99999999,-99999999,-99999999,-99999999,-99999999,-99999999,-99999999,-99999999
1983.25,0.01745,65.6,11.4,0.014849121,-99999999,7.4,-99999999,-0.015512166,-0.018927924,-0.016621556,-99999999,-99999999,-99999999,-99999999,-99999999,-99999999,-99999999,-99999999,-99999999,-99999999,0.026433257,-99999999,-99999999,-99999999,-99999999,-99999999,-99999999,-99999999,-99999999
1983.5,0.01234,65.9,11.5,0.017874724,-99999999,7.5,-99999999,0.007825338,0.032756124,0.048468923,-99999999,-99999999,-99999999,-99999999,-99999999,-99999999,-99999999,-99999999,-99999999,-99999999,0.042559614,-99999999,-99999999,-99999999,-99999999,-99999999,-99999999,-99999999,-99999999
1983.75,0.00685,66.3,11.7,0.003488328,-99999999,7.7,-99999999,0.044203662,-0.010646541,-0.006833094,-99999999,-99999999,-99999999,-99999999,-99999999,-99999999,-99999999,-99999999,-99999999,-99999999,0.024692613,-99999999,-99999999,-99999999,-99999999,-99999999,-99999999,-99999999,-99999999
1984,0.01568,66.5,11.8,0.003460532,-99999999,7.7,-99999999,-0.010636315,0.001266166,0.00322897,-99999999,-99999999,-99999999,-99999999,-99999999,-99999999,-99999999,-99999999,-99999999,-99999999,0.016129382,-99999999,-99999999,-99999999,-99999999,-99999999,-99999999,-99999999,-99999999
1984.25,0.01662,66.7,11.9,0.013572807,-99999999,7.8,-99999999,-0.014599509,-0.004447824,-0.000402311,-99999999,-99999999,-99999999,-99999999,-99999999,-99999999,-99999999,-99999999,-99999999,-99999999,0.091667189,-99999999,-99999999,-99999999,-99999999,-99999999,-99999999,-99999999,-99999999
1984.5,0.00589,66.8,11.7,0.016390416,-99999999,8,-99999999,-0.007488021,0.042552351,0.040330258,-99999999,-99999999,-99999999,-99999999,-99999999,-99999999,-99999999,-99999999,-99999999,-99999999,0.021661497,-99999999,-99999999,-99999999,-99999999,-99999999,-99999999,-99999999,-99999999
1984.75,0.01756,67.1,11.6,0.006386799,-99999999,8.2,-99999999,-0.043664501,-0.038104526,-0.031170108,-99999999,-99999999,-99999999,-99999999,-99999999,-99999999,-99999999,-99999999,-99999999,-99999999,0.021202208,-99999999,-99999999,-99999999,-99999999,-99999999,-99999999,-99999999,-99999999
1985,0.00869,67.3,11.5,0,-99999999,8.2,-99999999,-0.053245512,-0.007010041,-0.009965891,-99999999,-99999999,-99999999,-99999999,-99999999,-99999999,-99999999,-99999999,-99999999,-99999999,-0.007017573,-99999999,-99999999,-99999999,-99999999,-99999999,-99999999,-99999999,-99999999
1985.25,0.01255,67.4,11.4,0.015567777,-99999999,8.2,-99999999,-0.019305155,0.051437961,0.034110222,-99999999,-99999999,-99999999,-99999999,-99999999,-99999999,-99999999,-99999999,-99999999,-99999999,0.081125545,-99999999,-99999999,-99999999,-99999999,-99999999,-99999999,-99999999,-99999999
1985.5,0.00664,67.5,11.3,0.009079658,-99999999,8.3,-99999999,0.042289062,0.020618235,0.030236513,-99999999,-99999999,-99999999,-99999999,-99999999,-99999999,-99999999,-99999999,-99999999,-99999999,0.019293203,-99999999,-99999999,-99999999,-99999999,-99999999,-99999999,-99999999,-99999999
1985.75,0.00912,67.5,11.3,0.014723257,-99999999,8.4,-99999999,-0.009048129,-0.005476674,-0.007364072,-99999999,-99999999,-99999999,-99999999,-99999999,-99999999,-99999999,-99999999,-99999999,-99999999,0.055741983,-99999999,-99999999,-99999999,-99999999,-99999999,-99999999,-99999999,-99999999
1986,0.00257,67.6,11.3,0.008600172,-99999999,8.6,-99999999,0.004547628,0.002198964,-0.004622089,-99999999,-99999999,-99999999,-99999999,-99999999,-99999999,-99999999,-99999999,-99999999,-99999999,0.035506688,-99999999,-99999999,-99999999,-99999999,-99999999,-99999999,-99999999,-99999999
1986.25,0.01635,67.6,11.3,0.019428552,-99999999,8.7,-99999999,0.11463878,0.022440869,0.013721259,-99999999,-99999999,-99999999,-99999999,-99999999,-99999999,-99999999,-99999999,-99999999,-99999999,0.078252197,-99999999,-99999999,-99999999,-99999999,-99999999,-99999999,-99999999,-99999999
1986.5,0.01427,67.8,11.4,0.018596488,-99999999,8.7,-99999999,0.082066934,0.062910983,0.057948654,-99999999,-99999999,-99999999,-99999999,-99999999,-99999999,-99999999,-99999999,-99999999,-99999999,0.042111485,-99999999,-99999999,-99999999,-99999999,-99999999,-99999999,-99999999,-99999999
1986.75,0.01498,67.9,11.3,0.012811976,-99999999,8.5,-99999999,0.033210657,-0.009565341,-0.007952093,-99999999,-99999999,-99999999,-99999999,-99999999,-99999999,-99999999,-99999999,-99999999,-99999999,0.06967992,-99999999,-99999999,-99999999,-99999999,-99999999,-99999999,-99999999,-99999999
1987,0.01391,68.1,11.1,0.012444819,-99999999,8.1,-99999999,-0.013530517,0.011812084,0.019023237,-99999999,-99999999,-99999999,-99999999,-99999999,-99999999,-99999999,-99999999,-99999999,-99999999,0.023754086,-99999999,-99999999,-99999999,-99999999,-99999999,-99999999,-99999999,-99999999
1987.25,0.02181,68.5,10.7,0.019198462,-99999999,7.8,-99999999,0.07318452,0.017136755,0.005868934,-99999999,-99999999,-99999999,-99999999,-99999999,-99999999,-99999999,-99999999,-99999999,-99999999,0.054808237,-99999999,-99999999,-99999999,-99999999,-99999999,-99999999,-99999999,-99999999
1987.5,0.01438,69.1,10.2,0.020630002,-99999999,7.4,-99999999,0.02701147,0.033567348,0.037132251,-99999999,-99999999,-99999999,-99999999,-99999999,-99999999,-99999999,-99999999,-99999999,-99999999,0.064538521,-99999999,-99999999,-99999999,-99999999,-99999999,-99999999,-99999999,-99999999
1987.75,-0.00077,69.7,9.7,0.024987471,-99999999,7.1,-99999999,-0.034035253,0.037056809,0.025966758,-99999999,-99999999,-99999999,-99999999,-99999999,-99999999,-99999999,-99999999,-99999999,-99999999,0.076074687,-99999999,-99999999,-99999999,-99999999,-99999999,-99999999,-99999999,-99999999
1988,0.00715,70.2,9.2,0.017850231,-99999999,6.8,-99999999,0.059464632,0.002555755,0.006752771,-99999999,-99999999,-99999999,-99999999,-99999999,-99999999,-99999999,-99999999,-99999999,-99999999,0.029675768,-99999999,-99999999,-99999999,-99999999,-99999999,-99999999,-99999999,-99999999
1988.25,0.0355,70.7,8.7,0.025470819,-99999999,6.3,-99999999,0.027900063,0.048840822,0.029963223,-99999999,-99999999,-99999999,-99999999,-99999999,-99999999,-99999999,-99999999,-99999999,-99999999,0.051293294,-99999999,-99999999,-99999999,-99999999,-99999999,-99999999,-99999999,-99999999
1988.5,0.04562,71.1,8.4,0.054195944,-99999999,5.9,-99999999,-0.029963223,0.043016218,0.035563141,-99999999,-99999999,-99999999,-99999999,-99999999,-99999999,-99999999,-99999999,-99999999,-99999999,0.069733338,-99999999,-99999999,-99999999,-99999999,-99999999,-99999999,-99999999,-99999999
1988.75,0.02253,71.5,8,0.02590057,-99999999,5.4,-99999999,-0.055047566,0.035893848,0.030887028,-99999999,-99999999,-99999999,-99999999,-99999999,-99999999,-99999999,-99999999,-99999999,-99999999,0.070028604,-99999999,-99999999,-99999999,-99999999,-99999999,-99999999,-99999999,-99999999
1989,0.01703,72.1,7.6,0.009048129,-99999999,5.1,-99999999,-0.063051746,0.003512198,0.003563056,-99999999,-99999999,-99999999,-99999999,-99999999,-99999999,-99999999,-99999999,-99999999,-99999999,-0.044451763,-99999999,-99999999,-99999999,-99999999,-99999999,-99999999,-99999999,-99999999
1989.25,0.01933,72.4,7.2,0.015394328,-99999999,4.8,-99999999,0.031408464,0.009317125,0.010132049,-99999999,-99999999,-99999999,-99999999,-99999999,-99999999,-99999999,-99999999,-99999999,-99999999,0.049271049,-99999999,-99999999,-99999999,-99999999,-99999999,-99999999,-99999999,-99999999
1989.5,0.00374,72.6,7.1,0.014867277,-99999999,4.6,-99999999,-0.020684599,0.008605336,0.014209375,-99999999,-99999999,-99999999,-99999999,-99999999,-99999999,-99999999,-99999999,-99999999,-99999999,-0.0145281,-99999999,-99999999,-99999999,-99999999,-99999999,-99999999,-99999999,-99999999
1989.75,-0.00899,72.8,7,-0.008433168,-99999999,4.4,-99999999,-0.044582133,0.010207156,0.01104198,-99999999,-99999999,-99999999,-99999999,-99999999,-99999999,-99999999,-99999999,-99999999,-99999999,-0.029705155,-99999999,-99999999,-99999999,-99999999,-99999999,-99999999,-99999999,-99999999
1990,-0.01369,72.8,6.9,-0.009467027,-99999999,4.4,-99999999,-0.021042603,0.004016625,0.004159421,-99999999,-99999999,-99999999,-99999999,-99999999,-99999999,-99999999,-99999999,-99999999,-99999999,0.019258925,-99999999,-99999999,-99999999,-99999999,-99999999,-99999999,-99999999,-99999999
1990.25,-0.00443,72.8,6.9,-0.003922405,-99999999,4.4,-99999999,-0.119835335,0.020736897,0.014164957,-99999999,-99999999,-99999999,-99999999,-99999999,-99999999,-99999999,-99999999,-99999999,-99999999,-0.032953556,-99999999,-99999999,-99999999,-99999999,-99999999,-99999999,-99999999,-99999999
1990.5,-0.01298,72.7,7.1,0.007809702,-99999999,4.9,-99999999,-0.060900829,0.019791702,0.02323347,-99999999,-99999999,-99999999,-99999999,-99999999,-99999999,-99999999,-99999999,-99999999,-99999999,0.049515065,-99999999,-99999999,-99999999,-99999999,-99999999,-99999999,-99999999,-99999999
1990.75,-0.01802,72.3,7.5,-0.006498293,-99999999,5.6,-99999999,-0.033984497,-0.059425048,-0.04557405,-99999999,-99999999,-99999999,-99999999,-99999999,-99999999,-99999999,-99999999,-99999999,-99999999,-0.068992872,-99999999,-99999999,-99999999,-99999999,-99999999,-99999999,-99999999,-99999999
1991,-0.00295,71.7,8,-0.006154073,-99999999,6.7,-99999999,0.033984497,0.027555414,0.013719504,-99999999,-99999999,-99999999,-99999999,-99999999,-99999999,-99999999,-99999999,-99999999,-99999999,0.013367808,-99999999,-99999999,-99999999,-99999999,-99999999,-99999999,-99999999,-99999999
1991.25,0.00688,71,8.7,-0.001774444,-99999999,7.6,-99999999,0.009240657,-0.013180289,-0.011341806,-99999999,-99999999,-99999999,-99999999,-99999999,-99999999,-99999999,-99999999,-99999999,-99999999,-0.021683864,-99999999,-99999999,-99999999,-99999999,-99999999,-99999999,-99999999,-99999999
1991.5,-0.00406,70.3,9.2,0.008364775,-99999999,8.3,-99999999,-0.033240933,-0.044356991,-0.0243839,-99999999,-99999999,-99999999,-99999999,-99999999,-99999999,-99999999,-99999999,-99999999,-99999999,0.009350717,-99999999,-99999999,-99999999,-99999999,-99999999,-99999999,-99999999,-99999999
1991.75,-0.01015,69.8,9.5,-0.003942186,-99999999,8.8,-99999999,-0.046855581,-0.009042242,-0.01431762,-99999999,-99999999,-99999999,-99999999,-99999999,-99999999,-99999999,-99999999,-99999999,-99999999,-0.033651966,-99999999,-99999999,-99999999,-99999999,-99999999,-99999999,-99999999,-99999999
1992,-0.01189,69.4,9.7,-0.007097923,-99999999,9.4,-99999999,0.016186761,-0.049869525,-0.036160158,-99999999,-99999999,-99999999,-99999999,-99999999,-99999999,-99999999,-99999999,-99999999,-99999999,0,-99999999,-99999999,-99999999,-99999999,-99999999,-99999999,-99999999,-99999999
1992.25,0.00395,69.1,9.8,-0.010410893,-99999999,9.8,-99999999,0.054669096,-0.029825984,-0.030056111,12.4,66.2,-99999999,-99999999,-99999999,-99999999,-99999999,-99999999,-99999999,-99999999,-0.08361414,-99999999,-99999999,-99999999,-99999999,-99999999,-99999999,-99999999,-99999999
1992.5,-0.00348,68.9,9.9,0.001279219,-99999999,10.2,-99999999,0.018288786,-0.050124606,-0.020203386,12.6,66.8,-99999999,-99999999,-99999999,-99999999,-99999999,-99999999,-99999999,-99999999,-0.003025721,-99999999,-99999999,-99999999,-99999999,-99999999,-99999999,-99999999,-99999999
1992.75,-0.0176,68.5,10.4,-0.016931164,-99999999,10.8,-99999999,0.099588096,-0.006986121,-0.008352074,12.5,67.2,-99999999,-99999999,-99999999,-99999999,-99999999,-99999999,-99999999,-99999999,-0.038090039,-99999999,-99999999,-99999999,-99999999,-99999999,-99999999,-99999999,-99999999
1993,-0.00034,68.4,10.6,0.002207908,-99999999,11,-99999999,-0.122572003,-0.051886748,-0.025013293,13.6,66.1,-99999999,-99999999,-99999999,-99999999,-99999999,-99999999,-99999999,-99999999,0.042122303,-99999999,-99999999,-99999999,-99999999,-99999999,-99999999,-99999999,-99999999
1993.25,0.01524,68.4,10.4,0.00350947,-99999999,11,-99999999,0.140015894,0.014311548,-0.004224174,13.5,65.8,-99999999,-99999999,-99999999,-99999999,-99999999,-99999999,-99999999,-99999999,0.019920978,-99999999,-99999999,-99999999,-99999999,-99999999,-99999999,-99999999,-99999999
1993.5,-0.00144,68.5,10.2,0.009079658,-99999999,10.9,-99999999,-0.035617859,-0.002138333,0.008407657,13.7,64.9,-99999999,-99999999,-99999999,-99999999,-99999999,-99999999,-99999999,-99999999,-0.009910884,-99999999,-99999999,-99999999,-99999999,-99999999,-99999999,-99999999,-99999999
1993.75,-0.00588,68.5,10.3,-0.008206704,-99999999,10.6,-99999999,0.052388069,-0.035727802,-0.034090411,14.3,64.6,-99999999,-99999999,-99999999,-99999999,-99999999,-99999999,-99999999,-99999999,-0.017077261,-99999999,-99999999,-99999999,-99999999,-99999999,-99999999,-99999999,-99999999
1994,0.00235,68.7,9.9,0.004770132,-99999999,10.4,-99999999,0.088941083,0.016890091,0.023021627,13.8,64.8,-99999999,-99999999,-99999999,-99999999,-99999999,-99999999,-99999999,-99999999,0.008072698,-99999999,-99999999,-99999999,-99999999,-99999999,-99999999,-99999999,-99999999
1994.25,0.0003,68.8,9.7,0.005996271,-99999999,10.1,-99999999,-0.019183316,0.02522138,0.015470017,13.2,65.3,-99999999,-99999999,-99999999,-99999999,-99999999,-99999999,-99999999,-99999999,0.076402538,-99999999,-99999999,-99999999,-99999999,-99999999,-99999999,-99999999,-99999999
1994.5,0.00311,69,9.4,0.007171611,-99999999,9.8,-99999999,0.019183316,0.024236429,0.017172019,12.3,65.9,-99999999,-99999999,-99999999,-99999999,-99999999,-99999999,-99999999,-99999999,0.003717476,-99999999,-99999999,-99999999,-99999999,-99999999,-99999999,-99999999,-99999999
1994.75,0.0032,69.1,9,-0.002938688,-99999999,9.5,-99999999,-0.079181246,0.06962113,0.052635601,11.9,65.9,-99999999,-99999999,-99999999,-99999999,-99999999,-99999999,-99999999,-99999999,-0.033006296,-99999999,-99999999,-99999999,-99999999,-99999999,-99999999,-99999999,-99999999
1995,-0.00867,69.2,8.9,-0.003807769,-99999999,9,-99999999,0.06279083,-0.058575807,-0.038267386,12,66.3,-99999999,-99999999,-99999999,-99999999,-99999999,-99999999,-99999999,-99999999,0.041320432,-99999999,-99999999,-99999999,-99999999,-99999999,-99999999,-99999999,-99999999
1995.25,0.00464,69.4,8.7,0.004649426,-99999999,8.9,-99999999,0.002775054,0.057553536,0.04219768,12.1,66.1,-99999999,-99999999,-99999999,-99999999,-99999999,-99999999,-99999999,-99999999,0.022868791,-99999999,-99999999,-99999999,-99999999,-99999999,-99999999,-99999999,-99999999
1995.5,-0.00252,69.6,8.6,0.003767397,-99999999,8.7,-99999999,0.044649596,0.025183546,0.018510575,11.9,66.8,-99999999,-99999999,-99999999,-99999999,-99999999,-99999999,-99999999,-99999999,-8.84E-03,-99999999,-99999999,-99999999,-99999999,-99999999,-99999999,-99999999,-99999999
1995.75,-0.00343,69.9,8.3,-0.005874604,-99999999,8.7,-99999999,-0.05870566,0.013627286,0.009884796,11.6,66.8,-99999999,-99999999,-99999999,-99999999,-99999999,-99999999,-99999999,-99999999,0.003154155,-99999999,-99999999,-99999999,-99999999,-99999999,-99999999,-99999999,-99999999
1996,0.00371,69.9,8.2,0.006291194,-99999999,8.9,-99999999,-0.071253878,-0.016858658,-0.008636823,11.3,66.7,-99999999,-99999999,-99999999,-99999999,-99999999,-99999999,-99999999,-99999999,0.006801853,-99999999,-99999999,-99999999,-99999999,-99999999,-99999999,-99999999,-99999999
1996.25,0.01385,69.9,8.3,0.00041619,-99999999,8.7,-99999999,0.029289376,0.031581915,0.014903224,11.6,66.4,-99999999,0.0015,-99999999,-99999999,-99999999,-99999999,-99999999,-99999999,0.031832703,-99999999,-99999999,-99999999,-99999999,-99999999,-99999999,-99999999,-99999999
1996.5,0.00792,70,8.1,0.01672924,-99999999,8.4,-99999999,0.012409258,-0.000905724,-0.00382996,11.5,66.7,-99999999,0.0041,-99999999,-99999999,-99999999,-99999999,-99999999,-99999999,2.04E-02,-99999999,-99999999,-99999999,-99999999,-99999999,-99999999,-99999999,-99999999
1996.75,0.00924,70.3,7.8,0.007539335,-99999999,7.7,-99999999,0.080707766,-0.008237655,0.002019978,11.1,67.1,-99999999,0.0027,-99999999,-99999999,-99999999,-99999999,-99999999,-99999999,2.07E-02,-99999999,-99999999,-99999999,-99999999,-99999999,-99999999,-99999999,-99999999
1997,0.00502,70.8,7.3,0.005861013,-99999999,6.7,-99999999,0.06366908,0.010648734,0.010158234,10.3,68,-99999999,0.0016,-99999999,-99999999,-99999999,-99999999,-99999999,-99999999,3.81E-02,-99999999,-99999999,-99999999,-99999999,-99999999,-99999999,-99999999,-99999999
1997.25,0.01972,71,7.2,0.008836017,-99999999,6.1,-99999999,0.004364805,0.010393868,0.007804244,9.3,69.1,-99999999,0.0039,-99999999,-99999999,-99999999,-99999999,-99999999,-99999999,0.05358234,-99999999,-99999999,-99999999,-99999999,-99999999,-99999999,-99999999,-99999999
1997.5,0.01714,71.1,6.8,0.021515142,-99999999,5.8,-99999999,0.004321374,0.006697265,0.002314186,9.3,68.5,-99999999,0.0054,-99999999,-99999999,-99999999,-99999999,-99999999,-99999999,0.053982005,-99999999,-99999999,-99999999,-99999999,-99999999,-99999999,-99999999,-99999999
1997.75,0.00762,71.2,6.5,-0.003269485,-99999999,5.4,-99999999,0.033105124,0.033894385,0.031703577,9.3,68.1,-99999999,0.0092,-99999999,-99999999,-99999999,-99999999,-99999999,-99999999,0.028084498,-99999999,-99999999,-99999999,-99999999,-99999999,-99999999,-99999999,-99999999
1998,0.00747,71.3,6.4,0.010803903,-99999999,5.1,-99999999,0.021378989,0.022903998,0.029712837,8.2,68.5,-99999999,0.0044,-99999999,-99999999,-99999999,-99999999,-99999999,-99999999,0.021155707,-99999999,-99999999,-99999999,-99999999,-99999999,-99999999,-99999999,-99999999
1998.25,0.01572,71.3,6.3,0.022525305,-99999999,5,-99999999,0.020375759,-0.004075521,-0.008600172,8.6,68.3,-99999999,0.0002,-99999999,-99999999,-99999999,-99999999,-99999999,-99999999,0.039215584,-99999999,-99999999,-99999999,-99999999,-99999999,-99999999,-99999999,-99999999
1998.5,0.00756,71.6,6.2,0.018511547,-99999999,4.9,-99999999,-0.018483406,-0.00051214,-0.012614174,7.9,69.2,-99999999,0.0031,-99999999,-99999999,-99999999,-99999999,-99999999,-99999999,0.016584143,-99999999,-99999999,-99999999,-99999999,-99999999,-99999999,-99999999,-99999999
1998.75,-0.00035,71.8,6.1,-0.001946058,-99999999,4.8,-99999999,-0.052097669,0.029706927,0.025203301,7.7,69.9,-99999999,0.008,-99999999,-99999999,-99999999,-99999999,-99999999,-99999999,0.001657853,-99999999,-99999999,-99999999,-99999999,-99999999,-99999999,-99999999,-99999999
1999,0.00756,71.9,6.2,0.002592811,-99999999,4.5,-99999999,0.040617851,0.023065304,0.020992295,7.7,70.4,-99999999,0.0034,-99999999,-99999999,-99999999,-99999999,-99999999,-99999999,0.024628229,-99999999,-99999999,-99999999,-99999999,-99999999,-99999999,-99999999,-99999999
1999.25,0.016,71.9,6,0.018038867,-99999999,4.4,-99999999,0.011479818,0.002037351,-0.000788909,7.4,70.5,-99999999,0.0003,-99999999,-99999999,-99999999,-99999999,-99999999,-99999999,0.053666074,-99999999,-99999999,-99999999,-99999999,-99999999,-99999999,-99999999,-99999999
1999.5,0.01435,72.1,5.9,0.024703016,-99999999,4.3,-99999999,0.01302051,-0.012369983,-0.00189925,7.4,70.4,-99999999,0.0058,-99999999,-99999999,-99999999,-99999999,-99999999,-99999999,0.078811255,-99999999,-99999999,-99999999,-99999999,-99999999,-99999999,-99999999,-99999999
1999.75,0.01345,72.3,5.8,0.010988063,-99999999,4.1,-99999999,-0.014912864,0.000464486,0.003160818,7,70.6,-99999999,0.0084,-99999999,-99999999,-99999999,-99999999,-99999999,-99999999,0.042372167,-99999999,-99999999,-99999999,-99999999,-99999999,-99999999,-99999999,-99999999
2000,0.01745,72.3,5.8,0.010995384,-99999999,3.9,-99999999,0.02218156,-0.027302026,-0.004749896,7.6,70,-99999999,-0.0004,-99999999,-99999999,-99999999,-99999999,-99999999,-99999999,0.0485849,-99999999,-99999999,-99999999,-99999999,-99999999,-99999999,-99999999,-99999999
2000.25,0.01916,72.5,5.5,0.023041304,-99999999,3.7,-99999999,0.044494219,0.020046062,0.012243301,7.3,69.5,-99999999,0.0019,-99999999,-99999999,-99999999,-99999999,-99999999,-99999999,0.066654322,-99999999,-99999999,-99999999,-99999999,-99999999,-99999999,-99999999,-99999999
2000.5,-0.00143,72.6,5.3,0.008108112,-99999999,3.5,-99999999,-0.02339074,0.010493532,0.004005582,6.9,69.8,-99999999,0.0088,-99999999,-99999999,-99999999,-99999999,-99999999,-99999999,0.025956055,-99999999,-99999999,-99999999,-99999999,-99999999,-99999999,-99999999,-99999999
2000.75,0.0037,72.5,5.2,0.012766777,-99999999,3.4,-99999999,-0.047094664,0.026369595,0.04649296,6.8,69.4,-99999999,0.0051,-99999999,-99999999,-99999999,-99999999,-99999999,-99999999,0.001130298,-99999999,-99999999,-99999999,-99999999,-99999999,-99999999,-99999999,-99999999
2001,0.01232,72.6,5.1,-0.002270496,-99999999,3.2,-99999999,-0.029689996,0.024450007,-0.019731241,6.5,70.1,-99999999,-0.0052,-99999999,-99999999,-99999999,-99999999,-99999999,-99999999,0.023178144,-99999999,-99999999,-99999999,-99999999,-99999999,-99999999,-99999999,-99999999
2001.25,0.01853,72.7,5,0.015405653,-99999999,3.1,-99999999,0.119268342,0.035408015,0.042806048,6.2,70.4,-99999999,-0.0006,-99999999,-99999999,-99999999,-99999999,-99999999,-99999999,0.050503377,-99999999,-99999999,-99999999,-99999999,-99999999,-99999999,-99999999,-99999999
2001.5,0.01658,72.5,5.1,0.015349387,-99999999,3.2,-99999999,-0.003124434,0.022814443,0.030642094,6.6,70,-99999999,0.0012,-99999999,-99999999,-99999999,-99999999,-99999999,-99999999,0.037461334,-99999999,-99999999,-99999999,-99999999,-99999999,-99999999,-99999999,-99999999
2001.75,0.00702,72.6,5.2,-0.008807589,-99999999,3.4,-99999999,0.009306666,0.029113999,0.029987573,7.3,69.8,-99999999,-0.0051,-99999999,-99999999,-99999999,-99999999,-99999999,-99999999,0.017277368,-99999999,-99999999,-99999999,-99999999,-99999999,-99999999,-99999999,-99999999
2002,0.01305,72.5,5.2,0.02890144,-99999999,3.4,-99999999,0.060096925,-0.004380044,-0.020712314,6.9,69.5,-99999999,-0.0002,-99999999,-99999999,-99999999,-99999999,-99999999,-99999999,0.029705978,-99999999,-99999999,-99999999,-99999999,-99999999,-99999999,-99999999,-99999999
2002.25,0.0356,72.7,5.2,0.034277673,-99999999,3.5,-99999999,0.009254723,0.011198515,0.013724965,6.8,69.7,-99999999,-0.0023,-99999999,-99999999,-99999999,-99999999,-99999999,-99999999,0.074113268,-99999999,-99999999,-99999999,-99999999,-99999999,-99999999,-99999999,-99999999
2002.5,0.02971,72.6,5.3,0.023399454,-99999999,3.5,-99999999,0.049404856,0.020780522,0.025887199,7.1,69.1,-99999999,-0.0018,-99999999,-99999999,-99999999,-99999999,-99999999,-99999999,0.057478668,-99999999,-99999999,-99999999,-99999999,-99999999,-99999999,-99999999,-99999999
2002.75,0.01958,72.9,5.1,0.021853652,-99999999,3.5,-99999999,-0.010636315,-0.012283895,-0.016746225,6.6,69.6,-99999999,-0.0002,-99999999,-99999999,-99999999,-99999999,-99999999,-99999999,0.03192721,-99999999,-99999999,-99999999,-99999999,-99999999,-99999999,-99999999,-99999999
2003,0.01472,72.7,5.2,0.001395325,-99999999,3.5,-99999999,0.068482305,-0.020203386,-0.015421721,7.1,68.7,-99999999,0.0014,-99999999,-99999999,-99999999,-99999999,-99999999,-99999999,0.010443179,-99999999,-99999999,-99999999,-99999999,-99999999,-99999999,-99999999,-99999999
2003.25,0.01928,72.9,4.9,0.008279097,-99999999,3.6,-99999999,0.017033339,-0.013252732,0.006742395,7.2,68.8,-99999999,0.0036,-99999999,-99999999,-99999999,-99999999,-99999999,-99999999,0.016249106,-99999999,-99999999,-99999999,-99999999,-99999999,-99999999,-99999999,-99999999
2003.5,0.01491,72.8,5,0.013788285,-99999999,3.5,-99999999,-0.01601267,-0.015658359,0.028785052,7.2,69.4,-99999999,0.0017,-99999999,-99999999,-99999999,-99999999,-99999999,-99999999,0.018774865,-99999999,-99999999,-99999999,-99999999,-99999999,-99999999,-99999999,-99999999
2003.75,0.01365,72.8,4.9,0.011111225,-99999999,3.5,-99999999,-0.001020669,-0.001451884,-0.030055764,6.9,68.9,-99999999,-0.004,-99999999,-99999999,-99999999,-99999999,-99999999,-99999999,0.018939907,-99999999,-99999999,-99999999,-99999999,-99999999,-99999999,-99999999,-99999999
2004,0.02004,73,4.8,-0.000645791,-99999999,3.4,-99999999,-0.046325567,-0.007333133,0.004259516,7,69,-99999999,0.0003,-99999999,-99999999,-99999999,-99999999,-99999999,-99999999,0.019860953,-99999999,-99999999,-99999999,-99999999,-99999999,-99999999,-99999999,-99999999
2004.25,0.02479,72.9,4.8,0.032069262,-99999999,3.4,-99999999,0.080694469,0.03921906,0.018063151,7,69,-99999999,0.0009,-99999999,-99999999,-99999999,-99999999,-99999999,-99999999,0.03913215,-99999999,-99999999,-99999999,-99999999,-99999999,-99999999,-99999999,-99999999
2004.5,0.01444,72.9,4.7,0.013300292,-99999999,3.3,-99999999,0.022983907,0.011830737,0.004264792,7.3,68.3,-99999999,-0.0023,-99999999,-99999999,-99999999,-99999999,-99999999,-99999999,0.017133273,-99999999,-99999999,-99999999,-99999999,-99999999,-99999999,-99999999,-99999999
2004.75,-0.00289,73,4.7,-0.000582555,-99999999,3.3,-99999999,-0.009963397,-0.009808407,-0.004264792,7.2,68.2,-99999999,-0.0013,-99999999,-99999999,-99999999,-99999999,-99999999,-99999999,-0.017008812,-99999999,-99999999,-99999999,-99999999,-99999999,-99999999,-99999999,-99999999
2005,0.00093,73.1,4.7,0.002839061,-99999999,3.3,-99999999,0.007268697,-0.018549203,-0.017605156,6.7,68.7,-99999999,0.0072,-99999999,-99999999,-99999999,-99999999,-99999999,-99999999,0.00467326,-99999999,-99999999,-99999999,-99999999,-99999999,-99999999,-99999999,-99999999
2005.25,0.01317,72.9,4.8,0.014203269,-99999999,3.3,-99999999,-0.004528659,0.012794632,0.014738515,7.1,68.2,-99999999,0.002,-99999999,-99999999,-99999999,-99999999,-99999999,-99999999,0.01984659,-99999999,-99999999,-99999999,-99999999,-99999999,-99999999,0.001126083,-99999999
2005.5,0.00037,73,4.7,0.0066422,-99999999,3.4,-99999999,-0.014817454,0.012097185,0.008977418,6.7,68.5,-99999999,0.0031,-99999999,-99999999,-99999999,-99999999,-99999999,-99999999,0.004300593,-99999999,-99999999,-99999999,-99999999,-99999999,-99999999,0.007757667,-99999999
2005.75,-0.00066,72.7,5.1,0.002789834,-99999999,3.4,-99999999,0.039590453,0.010153652,0.017832777,7.4,68.2,-99999999,0.0022,-99999999,-99999999,-99999999,-99999999,-99999999,-99999999,0.006148362,-99999999,-99999999,-99999999,-99999999,-99999999,-99999999,0.00375492,-99999999
2006,0.00802,72.9,5.2,0.003567892,-99999999,3.4,-99999999,0.043342821,0.026071777,0.005477195,7.7,68.7,-99999999,0.0009,-99999999,-99999999,-99999999,-99999999,-99999999,-99999999,0.012521831,-99999999,-99999999,-99999999,-99999999,-99999999,-99999999,0.007748503,-99999999
2006.25,0.01259,72.8,5.5,0.01753029,-99999999,3.4,-99999999,0.042240917,0.012915656,0.015236425,7.7,68.5,-99999999,0.0008,-99999999,-99999999,-99999999,-99999999,-99999999,-99999999,0.0407408,-99999999,-99999999,-99999999,-99999999,-99999999,-99999999,0.006509303,-99999999
2006.5,0.00892,72.8,5.5,0.011602903,-99999999,3.4,-99999999,-0.002833906,0.015836543,0.023637627,8,68.4,-99999999,-0.0011,-99999999,-99999999,-99999999,-99999999,-99999999,-99999999,0.024066109,-99999999,-99999999,-99999999,-99999999,-99999999,-99999999,0.004920635,-99999999
2006.75,0.00919,72.7,5.5,0.010141098,-99999999,3.3,-99999999,-0.005004272,0.021569592,0.012403968,7.8,68.7,-99999999,0.0015,-99999999,-99999999,-99999999,-99999999,-99999999,-99999999,0.026638532,-99999999,-99999999,-99999999,-99999999,-99999999,-99999999,0.003627662,-99999999
2007,0.00872,72.5,5.5,0.004441011,-99999999,3.1,-99999999,0.039821051,0.020030567,0.011171019,7.2,68.8,-99999999,0.001,-99999999,-99999999,-99999999,-99999999,-99999999,-99999999,0.033406317,-99999999,-99999999,-99999999,-99999999,-99999999,-99999999,0.007429669,-99999999
2007.25,0.01521,72.7,5.4,0.018354984,-99999999,2.9,-99999999,-0.020140911,0.014156792,0.022614236,7.3,68.7,-99999999,0.0005,-99999999,-99999999,-99999999,-99999999,-99999999,-99999999,0.044617633,-99999999,-99999999,-99999999,-99999999,-99999999,-99999999,0.010801285,-99999999
2007.5,0.00551,72.7,5.3,0.00850152,-99999999,2.8,-99999999,-0.004837061,0.01297974,-0.003986326,6.2,69.5,-99999999,0.005,-99999999,-99999999,-99999999,-99999999,-99999999,-99999999,4.26E-02,-99999999,-99999999,-99999999,-99999999,-99999999,-99999999,0.01200761,-99999999
2007.75,-0.00041,72.9,5.2,-0.001920343,-99999999,2.7,-99999999,-0.009128595,0.010230494,0.011187055,6.8,69.1,-99999999,0.0029,-99999999,-99999999,-99999999,-99999999,-99999999,-99999999,-1.41E-03,-99999999,-99999999,-99999999,-99999999,-99999999,-99999999,0.013011978,-99999999
2008,-0.01099,73,5.2,-0.014823677,-99999999,2.5,-99999999,0.007736625,0.008714444,-0.004423524,6.9,69.9,-99999999,0.0029,-99999999,-99999999,-99999999,-99999999,-99999999,-99999999,-0.014840715,-99999999,-99999999,-99999999,-99999999,-99999999,-99999999,0.01116625,-99999999
2008.25,-0.0119,72.9,5.4,-0.002415421,-99999999,2.6,-99999999,-0.012732672,-0.006460213,0.020641677,6.8,70.5,0,0.004,-99999999,-99999999,-99999999,-99999999,-99999999,-99999999,-0.012006404,-99999999,-99999999,-99999999,-99999999,-99999999,-99999999,0.009368462,-99999999
2008.5,-0.02385,72.4,5.9,-0.024999195,-99999999,2.8,-99999999,-0.007238409,0.018078901,0.02600413,7.5,69.7,0.002554681,0.0024,-99999999,-99999999,-99999999,-99999999,-99999999,-99999999,-0.048065003,-99999999,-99999999,-99999999,-99999999,-99999999,-99999999,0.007407187,-99999999
2008.75,-0.02256,72.2,6.4,-0.027965513,-99999999,3.2,-99999999,-0.051061294,-0.026925283,-0.034159756,7.4,70,0.001906197,0.0024,-99999999,-99999999,-99999999,-99999999,-99999999,-99999999,-0.085296511,-99999999,-99999999,-99999999,-99999999,-99999999,-99999999,0.014387234,-99999999
2009,-0.02017,71.7,7.1,-0.017907778,-99999999,3.9,-99999999,-0.034146813,-0.034289342,-0.03178358,8.3,68.9,0.001266166,-0.0087,-99999999,-99999999,-99999999,-99999999,-99999999,-99999999,-0.026409372,-99999999,-99999999,-99999999,-99999999,-99999999,-99999999,0.005270012,-99999999
2009.25,0.01246,70.8,7.8,0.014132308,-99999999,4.2,-99999999,0.034146813,0,-0.004318743,9.1,67.6,0.00252131,-0.0017,-99999999,-99999999,-99999999,0.122244773,-99999999,-99999999,0.025285667,-99999999,-99999999,-99999999,-99999999,-99999999,-99999999,0.000578151,-99999999
2009.5,0.01684,70.6,7.8,0.015382116,-99999999,4.4,-99999999,0.008133093,-0.015702307,0.005807103,9.2,67.5,0.003131192,-0.0068,-99999999,-99999999,-99999999,0.067060879,-99999999,-99999999,0.053380865,-99999999,-99999999,-99999999,-99999999,-99999999,-99999999,-4.52E-03,-99999999
2009.75,0.00528,70.6,7.8,0.007211167,-99999999,4.4,-99999999,0.045112419,-0.003674141,-0.013943378,9.3,67.6,0.008036996,-0.0022,-99999999,-99999999,-99999999,-0.064565414,-99999999,-99999999,0.009736369,-99999999,-99999999,-99999999,-99999999,-99999999,-99999999,-6.71E-03,-99999999
2010,0.00206,70.2,8,-0.000526538,-99999999,4.4,-99999999,0.02181636,0.024946595,0.017069301,9.2,67.3,0.000612114,0.0022,-99999999,-99999999,-99999999,-0.092422284,-99999999,-99999999,0.037615055,-99999999,-99999999,-99999999,-99999999,-99999999,-99999999,-0.002797016,-99999999
2010.25,0.01528,70.4,7.9,0.009747641,-99999999,4.3,-99999999,0.075989844,0.039725611,0.035028744,9.5,67.7,0,0.0027,-99999999,-99999999,-99999999,0.136817988,-99999999,-99999999,0.01440202,-99999999,-99999999,-99999999,-99999999,-99999999,-99999999,0.000103724,-99999999
2010.5,-0.00353,70.7,7.8,0.003234618,-99999999,4.2,-99999999,0.05005691,0.031859718,0.0184728,9.2,68.3,-0.008025571,-0.0029,-99999999,-99999999,-99999999,0.012359866,-99999999,-99999999,0.019325325,-99999999,-99999999,-99999999,-99999999,-99999999,-99999999,5.83E-03,-99999999
2010.75,-0.01152,70.4,7.9,-0.01085383,-99999999,4.2,-99999999,0.01068715,-0.014363343,-0.008609534,9.2,68.1,-0.002499543,0.0044,-99999999,-99999999,-99999999,-0.010435147,-99999999,-99999999,-0.016474514,-99999999,-99999999,-99999999,-99999999,-99999999,-99999999,0.009877146,-99999999
2011,-0.00158,70.5,7.8,-0.007934481,-99999999,4.2,-99999999,-0.017329467,-0.017378838,-0.023854962,9.2,68.2,-0.001884144,-0.0004,-99999999,-99999999,-99999999,-0.097875061,-99999999,-99999999,0.006075251,-99999999,-99999999,-99999999,-99999999,-99999999,-99999999,0.011114304,-99999999
2011.25,0.01157,70.5,7.9,0.005482454,-99999999,4.5,-99999999,0.057391407,0.051151705,0.05404496,9.9,67.5,-0.005701979,0.0014,-99999999,-99999999,-99999999,0.081882983,-99999999,-99999999,-0.004139556,-99999999,-99999999,-99999999,-99999999,-99999999,-99999999,0.009493372,-99999999
2011.5,-0.00044,70.1,8.3,0.004611272,-99999999,4.6,-99999999,-0.011628982,0.022258021,0.031547723,10.2,66.9,-0.001277338,0.0071,-99999999,-99999999,-99999999,0.090992539,-99999999,-99999999,0.032525496,-99999999,-99999999,-99999999,-99999999,-99999999,-99999999,0.012887122,-99999999
2011.75,-0.00475,70.2,8.4,-0.006440648,-99999999,4.7,-99999999,0.001550101,0.002611617,-0.004273798,10.4,66.7,-0.001281106,0.0023,-99999999,-99999999,-99999999,-0.064648056,-99999999,-99999999,-1.05E-02,-99999999,-99999999,-99999999,-99999999,-99999999,-99999999,0.013966018,-99999999
2012,-0.00547,70.5,8.2,-0.002870421,-99999999,4.4,-99999999,-0.017953417,-0.065615315,-0.037293521,10,66.8,-0.000641973,0.0115,-99999999,-99999999,-99999999,-0.100414298,-99999999,-99999999,-0.006540644,-99999999,-99999999,-99999999,-99999999,-99999999,-99999999,0.011126202,-99999999
2012.25,0.00592,70.9,8,0.010604238,-99999999,4.2,-99999999,0.033894712,0.004910124,0.001712134,8.9,68.3,-0.005170233,0.0006,-99999999,-99999999,-99999999,0.116850963,-99999999,-99999999,0.05508668,-99999999,-99999999,-99999999,-99999999,-99999999,-99999999,1.35E-02,-99999999
2012.5,-0.00276,71.1,7.9,0.000627726,-99999999,4.1,-99999999,-0.015062954,0.006922385,0.019169781,9.1,68.9,0.002592811,0.0008,-99999999,-99999999,-99999999,0.106938677,-99999999,-99999999,0.005348184,-99999999,-99999999,-99999999,-99999999,-99999999,-99999999,0.01311172,-99999999
2012.75,-0.00262,71.4,7.8,-0.003719569,-99999999,4.2,-99999999,0.03624558,0.010686223,0.004936452,8.8,69.7,0,0.0009,-99999999,-99999999,-99999999,-0.102907262,-99999999,-99999999,0.016957619,-99999999,-99999999,-99999999,-99999999,-99999999,-99999999,0.009414092,-99999999
2013,0.00035,71.2,7.8,-0.000415284,-99999999,3.9,-99999999,-0.036999585,-0.046365709,-0.037469538,8.7,69.7,0,0.0078,-99999999,-99999999,-99999999,-0.084840786,-99999999,-99999999,-0.004648077,-99999999,-99999999,-99999999,-99999999,-99999999,-99999999,0.007779115,-99999999
2013.25,0.01115,71.3,7.7,0.010110556,-99999999,3.7,-99999999,0.110128174,0.048747225,0.029003023,8.8,69.3,0.004500501,-0.0012,-99999999,-99999999,-99999999,0.141281334,-99999999,-99999999,0.038412033,-99999999,-99999999,-99999999,-99999999,-99999999,-99999999,0.009623562,-99999999
2013.5,0.0093,71.7,7.6,0.008576069,-99999999,3.4,-99999999,0.043393484,0.033217001,0.02915098,9,69.8,0.006349448,0.0041,-99999999,-99999999,-99999999,0.064118507,-99999999,-99999999,0.048055491,-99999999,-99999999,-99999999,-99999999,-99999999,-99999999,0.007414145,-99999999
2013.75,0.00887,72,7.2,0.004594345,-99999999,3.1,-99999999,0.054744079,0.004662454,0.001315236,8.2,70.7,-0.00316312,0.0086,-99999999,-99999999,-99999999,-0.060023428,-99999999,-99999999,0.033313522,-99999999,-99999999,-99999999,-99999999,-99999999,-99999999,0.004296549,-99999999
2014,0.00907,72.5,6.8,0.003805254,-99999999,2.8,-99999999,0.038534546,-0.008076348,0.002372232,7.8,71.2,0.003792989,0.0049,-99999999,-99999999,-99999999,-0.083971005,-99999999,-99999999,0.026274407,-99999999,-99999999,-99999999,-99999999,-99999999,-99999999,0.00342989,-99999999
2014.25,0.02006,72.8,6.3,0.017867914,-99999999,2.6,-99999999,0.078106355,0.043022302,0.036753417,7,72,-0.000629869,0.0067,-99999999,-99999999,-99999999,0.099567362,-99999999,-99999999,0.06890965,-99999999,-99999999,-99999999,-99999999,-99999999,-99999999,0.005882185,-99999999
2014.5,0.00524,73,6,0.011591882,-99999999,2.4,-99999999,0.013880186,0.016176583,0.012095913,6.3,72.4,0.000629869,-0.0005,-99999999,-99999999,-99999999,0.083296827,-99999999,-99999999,0.041701627,-99999999,-99999999,-99999999,-99999999,-99999999,-99999999,0.005898624,-99999999
2014.75,0.00044,73.2,5.7,-0.001060812,-99999999,2.2,-99999999,-0.003108446,-0.004084862,-0.008526726,6.5,71.9,0.001884144,0.0019,-99999999,-99999999,-99999999,-0.121342354,0.010425563,0.006198367,-0.001912435,-99999999,-99999999,-99999999,-99999999,-99999999,-99999999,0.008714709,-99999999
2015,-0.001,73.4,5.5,-0.000299319,-99999999,2,-99999999,-0.050874171,-0.026082391,-0.015158458,6.1,72.2,0.00125157,0.0025,-99999999,-99999999,-99999999,-0.081365761,0.012121721,0.001029336,0.004476306,-99999999,-99999999,-99999999,-99999999,-99999999,-99999999,0.010970602,-99999999
2015.25,0.01292,73.4,5.6,0.01177724,-99999999,2,-99999999,0.061695916,0.051508789,0.034979074,6.5,72.1,-0.00125157,0.0019,-99999999,-99999999,-99999999,0.157483932,0.01068166,0.001028278,0.035867251,-99999999,-99999999,-99999999,-99999999,-99999999,-99999999,0.011619763,-99999999
2015.5,0.00328,73.8,5.3,0.012155805,-99999999,1.9,-99999999,-0.042832308,0.009009513,0.0066783,6.4,72.4,-0.001884144,0.0025,-99999999,-99999999,-99999999,0.027030507,0.008683544,0.00410257,0.047174577,-99999999,-99999999,-99999999,-99999999,-99999999,-99999999,0.009288749,-99999999
2015.75,0.0029,74.1,5.1,0.00539855,-99999999,1.9,-99999999,0.022158232,0.016436417,0.011885056,6.3,72.9,0.003760149,0.0019,-99999999,-99999999,-99999999,-0.051826823,0.005232937,0.006630986,0.023181045,-99999999,-99999999,-99999999,-99999999,-99999999,-99999999,0.006112666,-99999999
2016,0.00334,74.1,5.1,0.005782963,-99999999,1.8,-99999999,-0.012806097,-0.012307536,-0.010101827,5.7,73.3,0.000623538,0.0035,-99999999,-99999999,-99999999,-0.081716597,0.005610535,0.009613026,0.031888547,-99999999,-99999999,-99999999,-99999999,-99999999,-99999999,0.009722366,-99999999
2016.25,0.01224,74.4,4.9,0.010780347,-99999999,1.8,-99999999,0.06788864,0.047590795,0.031337193,5.8,73.3,-0.002499543,0.0049,-99999999,-99999999,-99999999,0.104827102,0.004512369,0.008024115,0.007428556,-99999999,-99999999,-99999999,-99999999,-99999999,-99999999,0.004778297,-99999999
2016.5,0.00446,74.4,4.8,0.00391892,-99999999,1.9,-99999999,0.00265917,0.013444286,0.016523285,5.6,73.5,0.00125157,0.0001,-99999999,-99999999,-99999999,0.02817148,0.002906905,0.006472515,0.00780082,-99999999,-99999999,-99999999,-99999999,-99999999,-99999999,0.005798771,-99999999
2016.75,-0.00086,74.6,4.7,0.001379832,-99999999,1.9,-99999999,0.018635694,-0.009700293,-0.007918904,5.6,73.6,-0.000625334,0.0007,-99999999,-99999999,-99999999,-0.002763694,3.89E-03,-0.000993049,1.28E-03,-99999999,-99999999,-99999999,-99999999,-99999999,-99999999,0.003312045,-99999999
2017,0.00153,74.8,4.6,-0.000531315,-99999999,1.9,-99999999,-0.017267611,-0.005906145,-0.000821882,6,73.2,0.001249769,0.0026,-99999999,-99999999,-99999999,-0.064392828,0.004508941,0.009394383,0.00646041,-99999999,-99999999,-99999999,-99999999,-99999999,-99999999,0.001699075,-99999999
2017.25,0.00689,75.1,4.4,0.013111469,-99999999,2,-0.141196529,0.03613902,0.023962997,0.011677812,5.4,74.4,0,0.0051,-99999999,-99999999,0.066792331,0.074465626,0.004686114,0.011255318,0.009864757,-99999999,-99999999,-99999999,-99999999,-99999999,-99999999,0.002166848,-99999999
2017.5,0.0035,75,4.3,0.00595275,-99999999,2,0.016722849,-0.004576505,0.020454132,0.019274709,4.9,74.3,-0.000624435,0.0006,-99999999,-99999999,0.012154946,0.161655357,0.003286988,0.006306109,0.007605871,-99999999,-99999999,-99999999,-99999999,-99999999,-99999999,0.001974334,-99999999
2017.75,-0.00049,75.2,4.4,0.000839135,-99999999,2,-0.050142058,0.021254439,0.000664713,-0.006086231,5,74.4,0.001247974,0.002,-99999999,-99999999,-0.077061651,-0.182805789,0.003187146,0.009145671,-0.014509417,-99999999,-99999999,-99999999,-99999999,-99999999,-99999999,-0.002256701,-99999999
2018,0.00074,75.6,4.2,-0.00301288,-99999999,2,0.187638674,-0.067210303,-0.044434129,-0.040633762,4.9,75.1,0.004956339,0.0007,-99999999,-99999999,-0.040760969,-0.071973659,0.002870794,0.009537507,-0.009506905,-99999999,-99999999,-99999999,-99999999,-99999999,-99999999,-0.001130263,-99999999
2018.25,0.00568,75.5,4,0.008805021,-99999999,2,-0.099607813,0.035522797,0.017527735,0.023760003,4.9,74.5,0.000615584,-0.0002,0.002735357,0.017399537,0.078643835,0.102573085,0.004937176,0.007093905,0.015906926,-99999999,-99999999,-99999999,-99999999,-99999999,-99999999,-0.000282765,-99999999
2018.5,0.00307,75.6,4.1,0.005854046,-99999999,2.1,-0.069762323,-0.015874173,-0.013855586,-0.004577562,4.6,75.2,0.001841534,-0.0004,-0.010761996,0.054260991,0.03210855,0.045792105,0.002788012,0.006107606,-0.007076097,-99999999,-99999999,-99999999,-99999999,-99999999,-99999999,1.79E-03,-99999999
2018.75,-0.00388,75.8,4,-0.003248848,-99999999,2.3,-0.004852503,0.015443343,-0.002810773,-0.008084978,4.5,74.8,0.001833758,0.0017,0.018366924,0.02310324,-0.049966147,-0.093996592,0.005927896,0.007001195,-0.00687113,-99999999,-99999999,-99999999,-99999999,-99999999,-99999999,0.001222552,-99999999
2019,-0.00302,76.1,3.8,-0.004991601,-99999999,2.4,0.245969562,-0.021759895,-0.028341922,-0.023804821,4.4,75,0.003644451,0.0057,0.022823289,0.005231675,-0.059484908,-0.050101681,0.008085685,0.012939182,-0.019424762,-99999999,-99999999,-99999999,-99999999,-99999999,-99999999,0.001877935,-99999999
2019.25,0.00652,76.1,3.9,0.005595724,-99999999,2.6,-0.188007371,0.053651362,0.048292504,0.037878979,4.5,74.7,-0.003034914,-0.0025,-0.020377829,-0.031849659,0.071718965,0.07591597,0.002756677,0.010504778,0.013619726,-99999999,-99999999,-99999999,-99999999,-99999999,-99999999,0.003932221,-99999999
2019.5,0.0018,76,3.8,0.006533681,-99999999,2.7,-0.015801982,0.012311367,0.033053504,0.027637942,4.5,74.6,0.002429626,0.0048,-0.023044778,0.020577895,0.056636478,0.081116099,0.002783478,-0.000454442,0.013943433,-99999999,-99999999,-99999999,-99999999,-99999999,-99999999,0.001960327,-99999999
2019.75,-0.00177,76.5,3.8,-0.003255121,-99999999,2.9,-0.038840443,0.000839066,0.001454924,-0.003568851,4.3,75.5,0.002416109,0.0016,0.011048954,0.051512983,-0.03397917,-0.007966343,3.84E-03,0.009950331,0.004212661,-99999999,-99999999,-99999999,-99999999,-99999999,-99999999,0.003816266,-99999999
2020,0.00398,76.3,4,0.001667164,-99999999,2.7,0.211643083,-0.034535882,-0.021002923,-0.021134837,4.8,76.5,0.005387595,-0.0013,-0.020825025,-0.125993369,-0.185175506,-0.236074396,2.05E-03,0.000449944,0.007204521,-99999999,-99999999,-99999999,-99999999,-99999999,-99999999,0.002505221,-99999999
2020.25,0.00441,75.7,4.1,0.003752935,-99999999,6.6,-0.236932413,-0.268192637,-0.183955872,-0.185161735,4.9,76,0.001781115,-0.0096,-0.090720208,-0.128242679,-99999999,-99999999,-0.031526308,-0.013131273,-0.005524413,-99999999,-99999999,-99999999,-99999999,-99999999,-99999999,0.003884578,-99999999
2020.5,0.00821,74.9,4.9,0.012472489,-99999999,7,0.005102817,0.265345234,0.168162952,0.177137089,6.1,74.9,-0.001186598,-0.0091,0.08773905,0.099334088,-99999999,-99999999,-0.017359966,0.043262042,0.027240166,-99999999,-99999999,-99999999,-99999999,-99999999,-99999999,0.002120892,-99999999
2020.75,0.01049,74.6,5.2,0.011431048,-99999999,7.2,0.032414408,0.053469739,0.028754585,0.019179665,7.2,74.3,0.003550111,-0.0035,0.05132685,0.062584889,-99999999,-99999999,-0.008976134,0.016879864,0.001958385,-99999999,-99999999,-99999999,-99999999,-99999999,-99999999,9.21E-05,-99999999
2021,0.00344,74.7,4.9,0.009564843,-99999999,7.4,0.265324286,-0.016176816,-0.008409161,-0.012194395,7,74.5,0.009903858,0.0038,-0.107975791,-0.109061478,-99999999,-99999999,0.004146203,0.014486832,0.011428696,-99999999,-99999999,-99999999,-99999999,-99999999,-99999999,-0.001105889,-99999999
2021.25,0.02026,75,4.7,0.020892106,-99999999,6.5,-0.230685863,0.074404228,0.066012402,0.053735486,6.3,74.8,-0.00057637,0.0076,0.045573073,0.080407293,0.113231977,0.166029933,0.018179761,0.020515687,0.012890414,-99999999,-99999999,-99999999,-99999999,-99999999,-99999999,-0.002175357,-99999999
2021.5,0.00855,75.3,4.3,0.004603974,-99999999,5.8,-0.069410099,0.003240911,0.021211303,0.017559293,5.6,75.1,0.00057637,0.0012,0.022258787,-0.006938395,0.805734772,0.594070117,0.017717953,0.008254277,3.70E-03,-99999999,-99999999,-99999999,-99999999,-99999999,-99999999,0.000396071,-99999999
2021.75,0.00968,75.5,4,0.004272025,-99999999,5.1,0.003469418,0.002397499,0.000254795,-0.00143474,5.1,75.9,0.00115045,0.0029,0.038178695,0.059183467,0.345449135,0.330263022,0.01206575,0.011036286,1.42E-02,-99999999,-99999999,-99999999,-99999999,-99999999,-99999999,0.0017285,-99999999
2022,0.01295,75.6,3.7,0.010969918,-99999999,-99999999,0.276206412,-99999999,-99999999,-99999999,4.7,75.2,0.014684958,0.0049974,0.005307481,0.084760591,0.03615185,0.050284083,0.011315336,0.024890888,0.015779257,-99999999,-99999999,-99999999,-99999999,-99999999,-99999999,0.004424309,-99999999
2022.25,0.01583,75.5,3.8,-99999999,-99999999,-99999999,-0.226468598,-99999999,-99999999,-99999999,4.6,74.9,-0.000555719,0.0063621,-99999999,-99999999,-99999999,-99999999,-99999999,-99999999,-99999999,-99999999,-99999999,-99999999,-99999999,-99999999,-99999999,-99999999,-99999999
